Model Time, 23LT0001:MeasuredValue, 23LT0002:MeasuredValue, 23PT0001:MeasuredValue, 23PT0002:MeasuredValue, 23PT0003:MeasuredValue, 23FE0001:VolumeFlow, 23TT0003:MeasuredValue, 23LT0001:AlarmHighHigh, 23LT0001:AlarmLowLow, 23LT0001:AlarmHigh, 23LT0001:AlarmLow, 23LT0002:AlarmHighHigh, 23LT0002:AlarmHigh, 23LT0002:AlarmLow, 23LT0002:AlarmLowLow, 23PT0001:AlarmHighHigh, 23PT0001:AlarmHigh, 23PT0001:AlarmLow, 23PT0001:AlarmLowLow, 23LV0001:ValveStemPosition, 23LV0002:ValveStemPosition, 23TV0003:ValveStemPosition, 23UV0001:ValveStemPosition, 25ESV0001:ValveStemPosition, 23ESV0002:ValveStemPosition, 23ESV0003:ValveStemPosition, 23ESV0005:ValveStemPosition, 23KA0001_m:MachineSpeed
, mm, mm, barg, barg, barg, m3/h, C, , , , , , , , , , , , , fraction, fraction, fraction, fraction, fraction, fraction, fraction, fraction, rpm
000:00:00.00,500,1500.02,24,23.8019,50.2068,6712.16,45,1,1,1,1,1,1,1,1,1,1,1,1,0.826451,0.473625,0.020533,0,1,1,1,1,7546.85
000:00:03.00,500,1500.02,24,23.8019,50.2068,6712.16,45,1,1,1,1,1,1,1,1,1,1,1,1,0.826451,0.473625,0.020533,0,1,1,1,1,7546.85
000:00:06.00,500,1500.01,24,23.8019,50.2068,6712.16,45,1,1,1,1,1,1,1,1,1,1,1,1,0.826451,0.473624,0.020533,0,1,1,1,1,7546.85
000:00:09.00,500,1500.01,24,23.8019,50.2068,6712.16,45,1,1,1,1,1,1,1,1,1,1,1,1,0.826451,0.473624,0.020533,0,1,1,1,1,7546.85
000:00:12.00,500,1500.01,24,23.8019,50.2068,6712.16,45,1,1,1,1,1,1,1,1,1,1,1,1,0.826451,0.473624,0.020533,0,1,1,1,1,7546.85
000:00:15.00,500,1500.01,24,23.8019,50.2068,6712.16,45,1,1,1,1,1,1,1,1,1,1,1,1,0.826451,0.473624,0.020533,0,1,1,1,1,7546.85
000:00:18.00,500,1500.01,24,23.8019,50.2068,6712.16,45,1,1,1,1,1,1,1,1,1,1,1,1,0.826451,0.473624,0.020533,0,1,1,1,1,7546.84
000:00:21.00,500,1500.01,24,23.8019,50.2068,6712.16,45,1,1,1,1,1,1,1,1,1,1,1,1,0.826451,0.473624,0.020533,0,1,1,1,1,7546.85
000:00:24.00,500,1500.01,24,23.8019,50.2068,6712.16,45,1,1,1,1,1,1,1,1,1,1,1,1,0.826451,0.473623,0.020533,0,1,1,1,1,7546.85
000:00:27.00,500,1500.01,24,23.8019,50.2068,6712.16,45,1,1,1,1,1,1,1,1,1,1,1,1,0.82645,0.473623,0.020533,0,1,1,1,1,7546.85
000:00:30.00,500,1500.01,24,23.8019,50.2068,6712.17,45,1,1,1,1,1,1,1,1,1,1,1,1,0.82645,0.473623,0.020533,0,1,1,1,1,7546.85
000:00:33.00,500,1500.01,24,23.8019,50.2068,6712.16,45,1,1,1,1,1,1,1,1,1,1,1,1,0.82645,0.473623,0.020533,0,1,1,1,1,7546.85
000:00:36.00,500,1500.01,24,23.8019,50.2068,6712.16,45,1,1,1,1,1,1,1,1,1,1,1,1,0.82645,0.473623,0.020533,0,1,1,1,1,7546.85
000:00:39.00,500,1500.01,24,23.8019,50.2068,6712.17,45,1,1,1,1,1,1,1,1,1,1,1,1,0.82645,0.473623,0.020533,0,1,1,1,1,7546.85
000:00:42.00,500,1500.01,24,23.8019,50.2068,6712.16,45,1,1,1,1,1,1,1,1,1,1,1,1,0.82645,0.473623,0.020533,0,1,1,1,1,7546.85
000:00:45.00,500,1500.01,24,23.8019,50.2068,6712.16,45,1,1,1,1,1,1,1,1,1,1,1,1,0.82645,0.473622,0.020533,0,1,1,1,1,7546.85
000:00:48.00,500,1500.01,24,23.8019,50.2068,6712.17,45,1,1,1,1,1,1,1,1,1,1,1,1,0.82645,0.473622,0.020533,0,1,1,1,1,7546.85
000:00:51.00,500,1500.01,24,23.8019,50.2068,6712.17,45,1,1,1,1,1,1,1,1,1,1,1,1,0.82645,0.473622,0.020533,0,1,1,1,1,7546.85
000:00:54.00,500,1500.01,24,23.8019,50.2068,6712.16,45,1,1,1,1,1,1,1,1,1,1,1,1,0.82645,0.473622,0.020533,0,1,1,1,1,7546.85
000:00:57.00,500,1500.01,24,23.8019,50.2068,6712.17,45,1,1,1,1,1,1,1,1,1,1,1,1,0.82645,0.473622,0.020533,0,1,1,1,1,7546.85
000:01:00.00,500,1500.01,24,23.8019,50.2068,6712.17,45,1,1,1,1,1,1,1,1,1,1,1,1,0.82645,0.473622,0.020533,0,1,1,1,1,7546.85
000:01:03.00,500,1500.01,24,23.8019,50.2068,6712.16,45,1,1,1,1,1,1,1,1,1,1,1,1,0.82645,0.473622,0.020533,0,1,1,1,1,7546.85
000:01:06.00,500,1500.01,24,23.8019,50.2068,6712.16,45,1,1,1,1,1,1,1,1,1,1,1,1,0.82645,0.473622,0.020533,0,1,1,1,1,7546.85
000:01:09.00,500,1500.01,24,23.8019,50.2068,6712.17,45,1,1,1,1,1,1,1,1,1,1,1,1,0.82645,0.473621,0.020533,0,1,1,1,1,7546.85
000:01:12.00,500,1500.01,24,23.8019,50.2068,6712.17,45,1,1,1,1,1,1,1,1,1,1,1,1,0.82645,0.473621,0.020533,0,1,1,1,1,7546.85
000:01:15.00,500,1500.01,24,23.8019,50.2068,6712.17,45,1,1,1,1,1,1,1,1,1,1,1,1,0.82645,0.473621,0.020533,0,1,1,1,1,7546.85
000:01:18.00,500,1500.01,24,23.8019,50.2068,6712.17,45,1,1,1,1,1,1,1,1,1,1,1,1,0.82645,0.473621,0.020533,0,1,1,1,1,7546.85
000:01:21.00,500,1500.01,24,23.8019,50.2068,6712.17,45,1,1,1,1,1,1,1,1,1,1,1,1,0.82645,0.473621,0.020533,0,1,1,1,1,7546.85
000:01:24.00,500,1500.01,24,23.8019,50.2068,6712.17,45,1,1,1,1,1,1,1,1,1,1,1,1,0.82645,0.473621,0.020533,0,1,1,1,1,7546.85
000:01:27.00,500,1500,24,23.8019,50.2068,6712.16,45,1,1,1,1,1,1,1,1,1,1,1,1,0.82645,0.473621,0.020533,0,1,1,1,1,7546.85
000:01:30.00,500,1500,24,23.8019,50.2068,6712.17,45,1,1,1,1,1,1,1,1,1,1,1,1,0.82645,0.473621,0.020533,0,1,1,1,1,7546.85
000:01:33.00,500,1500,24,23.8019,50.2068,6712.17,45,1,1,1,1,1,1,1,1,1,1,1,1,0.82645,0.473621,0.020533,0,1,1,1,1,7546.85
000:01:36.00,500,1500,24,23.8019,50.2068,6712.17,45,1,1,1,1,1,1,1,1,1,1,1,1,0.82645,0.47362,0.020533,0,1,1,1,1,7546.85
000:01:39.00,500,1500,24,23.8019,50.2068,6712.17,45,1,1,1,1,1,1,1,1,1,1,1,1,0.82645,0.47362,0.020533,0,1,1,1,1,7546.85
000:01:42.00,500,1500,24,23.8019,50.2068,6712.17,45,1,1,1,1,1,1,1,1,1,1,1,1,0.82645,0.47362,0.020533,0,1,1,1,1,7546.85
000:01:45.00,500,1500,24,23.8019,50.2068,6712.17,45,1,1,1,1,1,1,1,1,1,1,1,1,0.82645,0.47362,0.020533,0,1,1,1,1,7546.85
000:01:48.00,500,1500,24,23.8019,50.2068,6712.17,45,1,1,1,1,1,1,1,1,1,1,1,1,0.82645,0.47362,0.020533,0,1,1,1,1,7546.85
000:01:51.00,500,1500,24,23.8019,50.2068,6712.17,45,1,1,1,1,1,1,1,1,1,1,1,1,0.82645,0.47362,0.020533,0,1,1,1,1,7546.85
000:01:54.00,500,1500,24,23.8019,50.2068,6712.17,45,1,1,1,1,1,1,1,1,1,1,1,1,0.82645,0.47362,0.020533,0,1,1,1,1,7546.85
000:01:57.00,500,1500,24,23.8019,50.2068,6712.17,45,1,1,1,1,1,1,1,1,1,1,1,1,0.82645,0.47362,0.020533,0,1,1,1,1,7546.85
000:02:00.00,500,1500,24,23.8019,50.2068,6712.17,45,1,1,1,1,1,1,1,1,1,1,1,1,0.82645,0.47362,0.020533,0,1,1,1,1,7546.85
000:02:03.00,500,1500,24,23.8019,50.2068,6712.17,45,1,1,1,1,1,1,1,1,1,1,1,1,0.82645,0.47362,0.020533,0,1,1,1,1,7546.85
000:02:06.00,500,1500,24,23.8019,50.2068,6712.17,45,1,1,1,1,1,1,1,1,1,1,1,1,0.82645,0.47362,0.020533,0,1,1,1,1,7546.85
000:02:09.00,500,1500,24,23.8019,50.2068,6712.17,45,1,1,1,1,1,1,1,1,1,1,1,1,0.82645,0.47362,0.020533,0,1,1,1,1,7546.85
000:02:12.00,500,1500,24,23.8019,50.2068,6712.17,45,1,1,1,1,1,1,1,1,1,1,1,1,0.82645,0.473619,0.020533,0,1,1,1,1,7546.85
000:02:15.00,500,1500,24,23.8019,50.2068,6712.17,45,1,1,1,1,1,1,1,1,1,1,1,1,0.82645,0.473619,0.020533,0,1,1,1,1,7546.85
000:02:18.00,500,1500,24,23.8019,50.2068,6712.17,45,1,1,1,1,1,1,1,1,1,1,1,1,0.82645,0.473619,0.020533,0,1,1,1,1,7546.85
000:02:21.00,500,1500,24,23.8019,50.2068,6712.17,45,1,1,1,1,1,1,1,1,1,1,1,1,0.82645,0.473619,0.020533,0,1,1,1,1,7546.85
000:02:24.00,500,1500,24,23.8019,50.2068,6712.17,45,1,1,1,1,1,1,1,1,1,1,1,1,0.82645,0.473619,0.020533,0,1,1,1,1,7546.85
000:02:27.00,500,1500,24,23.8019,50.2068,6712.17,45,1,1,1,1,1,1,1,1,1,1,1,1,0.82645,0.473619,0.020533,0,1,1,1,1,7546.85
000:02:30.00,500,1500,24,23.8019,50.2068,6712.17,45,1,1,1,1,1,1,1,1,1,1,1,1,0.82645,0.473619,0.020533,0,1,1,1,1,7546.85
000:02:33.00,500,1500,24,23.8019,50.2068,6712.17,45,1,1,1,1,1,1,1,1,1,1,1,1,0.82645,0.473619,0.020533,0,1,1,1,1,7546.85
000:02:36.00,500,1500,24,23.8019,50.2068,6712.17,45,1,1,1,1,1,1,1,1,1,1,1,1,0.82645,0.473619,0.020533,0,1,1,1,1,7546.85
000:02:39.00,500,1500,24,23.8019,50.2068,6712.17,45,1,1,1,1,1,1,1,1,1,1,1,1,0.82645,0.473619,0.020533,0,1,1,1,1,7546.85
000:02:42.00,500,1500,24,23.8019,50.2068,6712.17,45,1,1,1,1,1,1,1,1,1,1,1,1,0.82645,0.473619,0.020533,0,1,1,1,1,7546.85
000:02:45.00,500,1500,24,23.8019,50.2068,6712.17,45,1,1,1,1,1,1,1,1,1,1,1,1,0.82645,0.473619,0.020533,0,1,1,1,1,7546.85
000:02:48.00,500,1500,24,23.8019,50.2068,6712.17,45,1,1,1,1,1,1,1,1,1,1,1,1,0.82645,0.473619,0.020533,0,1,1,1,1,7546.85
000:02:51.00,500,1500,24,23.8019,50.2068,6712.17,45,1,1,1,1,1,1,1,1,1,1,1,1,0.82645,0.473619,0.020533,0,1,1,1,1,7546.85
000:02:54.00,500,1500,24,23.8019,50.2068,6712.17,45,1,1,1,1,1,1,1,1,1,1,1,1,0.82645,0.473619,0.020533,0,1,1,1,1,7546.85
000:02:57.00,500,1500,24,23.8019,50.2068,6712.17,45,1,1,1,1,1,1,1,1,1,1,1,1,0.82645,0.473618,0.020533,0,1,1,1,1,7546.85
000:03:00.00,500,1500,24,23.8019,50.2068,6712.17,45,1,1,1,1,1,1,1,1,1,1,1,1,0.82645,0.473618,0.020533,0,1,1,1,1,7546.85
000:03:03.00,500,1500,24,23.8019,50.2068,6712.17,45,1,1,1,1,1,1,1,1,1,1,1,1,0.82645,0.473618,0.020533,0,1,1,1,1,7546.85
000:03:06.00,500,1500,24,23.8019,50.2068,6712.17,45,1,1,1,1,1,1,1,1,1,1,1,1,0.82645,0.473618,0.020533,0,1,1,1,1,7546.85
000:03:09.00,500,1500,24,23.8019,50.2068,6712.17,45,1,1,1,1,1,1,1,1,1,1,1,1,0.82645,0.473618,0.020533,0,1,1,1,1,7546.85
000:03:12.00,500,1500,24,23.8019,50.2068,6712.17,45,1,1,1,1,1,1,1,1,1,1,1,1,0.82645,0.473618,0.020533,0,1,1,1,1,7546.85
000:03:15.00,500,1500,24,23.8019,50.2068,6712.17,45,1,1,1,1,1,1,1,1,1,1,1,1,0.82645,0.473618,0.020533,0,1,1,1,1,7546.85
000:03:18.00,500,1500,24,23.8019,50.2068,6712.17,45,1,1,1,1,1,1,1,1,1,1,1,1,0.82645,0.473618,0.020533,0,1,1,1,1,7546.85
000:03:21.00,500,1500,24,23.8019,50.2068,6712.17,45,1,1,1,1,1,1,1,1,1,1,1,1,0.82645,0.473618,0.020533,0,1,1,1,1,7546.85
000:03:24.00,500,1500,24,23.8019,50.2068,6712.17,45,1,1,1,1,1,1,1,1,1,1,1,1,0.82645,0.473618,0.020533,0,1,1,1,1,7546.85
000:03:27.00,500,1500,24,23.8019,50.2068,6712.17,45,1,1,1,1,1,1,1,1,1,1,1,1,0.82645,0.473618,0.020533,0,1,1,1,1,7546.85
000:03:30.00,500,1500,24,23.8019,50.2068,6712.17,45,1,1,1,1,1,1,1,1,1,1,1,1,0.82645,0.473618,0.020533,0,1,1,1,1,7546.85
000:03:33.00,500,1500,24,23.8019,50.2068,6712.17,45,1,1,1,1,1,1,1,1,1,1,1,1,0.82645,0.473618,0.020533,0,1,1,1,1,7546.85
000:03:36.00,500,1500,24,23.8019,50.2068,6712.17,45,1,1,1,1,1,1,1,1,1,1,1,1,0.82645,0.473618,0.020533,0,1,1,1,1,7546.85
000:03:39.00,500,1500,24,23.8019,50.2068,6712.17,45,1,1,1,1,1,1,1,1,1,1,1,1,0.82645,0.473618,0.020533,0,1,1,1,1,7546.85
000:03:42.00,500,1500,24,23.8019,50.2068,6712.17,45,1,1,1,1,1,1,1,1,1,1,1,1,0.82645,0.473618,0.020533,0,1,1,1,1,7546.85
000:03:45.00,500,1500,24,23.8019,50.2068,6712.17,45,1,1,1,1,1,1,1,1,1,1,1,1,0.82645,0.473618,0.020533,0,1,1,1,1,7546.85
000:03:48.00,500,1500,24,23.8019,50.2068,6712.17,45,1,1,1,1,1,1,1,1,1,1,1,1,0.82645,0.473618,0.020533,0,1,1,1,1,7546.85
000:03:51.00,500,1500,24,23.8019,50.2068,6712.17,45,1,1,1,1,1,1,1,1,1,1,1,1,0.82645,0.473618,0.020533,0,1,1,1,1,7546.85
000:03:54.00,500,1500,24,23.8019,50.2068,6712.17,45,1,1,1,1,1,1,1,1,1,1,1,1,0.82645,0.473618,0.020533,0,1,1,1,1,7546.85
000:03:57.00,500,1500,24,23.8019,50.2068,6712.17,45,1,1,1,1,1,1,1,1,1,1,1,1,0.82645,0.473618,0.020533,0,1,1,1,1,7546.85
000:04:00.00,500,1500,24,23.8019,50.2068,6712.17,45,1,1,1,1,1,1,1,1,1,1,1,1,0.82645,0.473618,0.020533,0,1,1,1,1,7546.85
000:04:03.00,500,1500,24,23.8019,50.2068,6712.17,45,1,1,1,1,1,1,1,1,1,1,1,1,0.82645,0.473618,0.020533,0,1,1,1,1,7546.85
000:04:06.00,500,1500,24,23.8019,50.2068,6712.17,45,1,1,1,1,1,1,1,1,1,1,1,1,0.82645,0.473618,0.020533,0,1,1,1,1,7546.85
000:04:09.00,500,1500,24,23.8019,50.2068,6712.17,45,1,1,1,1,1,1,1,1,1,1,1,1,0.82645,0.473618,0.020533,0,1,1,1,1,7546.85
000:04:12.00,500,1500,24,23.8019,50.2068,6712.17,45,1,1,1,1,1,1,1,1,1,1,1,1,0.82645,0.473618,0.020533,0,1,1,1,1,7546.85
000:04:15.00,500,1500,24,23.8019,50.2068,6712.17,45,1,1,1,1,1,1,1,1,1,1,1,1,0.82645,0.473617,0.020533,0,1,1,1,1,7546.85
000:04:18.00,500,1500,24,23.8019,50.2068,6712.17,45,1,1,1,1,1,1,1,1,1,1,1,1,0.82645,0.473617,0.020533,0,1,1,1,1,7546.85
000:04:21.00,500,1500,24,23.8019,50.2068,6712.17,45,1,1,1,1,1,1,1,1,1,1,1,1,0.82645,0.473617,0.020533,0,1,1,1,1,7546.85
000:04:24.00,500,1500,24,23.8019,50.2068,6712.17,45,1,1,1,1,1,1,1,1,1,1,1,1,0.82645,0.473617,0.020533,0,1,1,1,1,7546.85
000:04:27.00,500,1500,24,23.8019,50.2068,6712.17,45,1,1,1,1,1,1,1,1,1,1,1,1,0.82645,0.473617,0.020533,0,1,1,1,1,7546.85
000:04:30.00,500,1500,24,23.8019,50.2068,6712.17,45,1,1,1,1,1,1,1,1,1,1,1,1,0.82645,0.473617,0.020533,0,1,1,1,1,7546.85
000:04:33.00,500,1500,24,23.8019,50.2068,6712.17,45,1,1,1,1,1,1,1,1,1,1,1,1,0.82645,0.473617,0.020533,0,1,1,1,1,7546.85
000:04:36.00,500,1500,24,23.8019,50.2068,6712.17,45,1,1,1,1,1,1,1,1,1,1,1,1,0.82645,0.473617,0.020533,0,1,1,1,1,7546.85
000:04:39.00,500,1500,24,23.8019,50.2068,6712.17,45,1,1,1,1,1,1,1,1,1,1,1,1,0.82645,0.473617,0.020533,0,1,1,1,1,7546.85
000:04:42.00,500,1500,24,23.8019,50.2068,6712.17,45,1,1,1,1,1,1,1,1,1,1,1,1,0.82645,0.473617,0.020533,0,1,1,1,1,7546.85
000:04:45.00,500,1500,24,23.8019,50.2068,6712.17,45,1,1,1,1,1,1,1,1,1,1,1,1,0.82645,0.473617,0.020533,0,1,1,1,1,7546.85
000:04:48.00,500,1500,24,23.8019,50.2068,6712.17,45,1,1,1,1,1,1,1,1,1,1,1,1,0.82645,0.473617,0.020533,0,1,1,1,1,7546.85
000:04:51.00,500,1500,24,23.8019,50.2068,6712.17,45,1,1,1,1,1,1,1,1,1,1,1,1,0.82645,0.473617,0.020533,0,1,1,1,1,7546.85
000:04:54.00,500,1500,24,23.8019,50.2068,6712.17,45,1,1,1,1,1,1,1,1,1,1,1,1,0.82645,0.473617,0.020533,0,1,1,1,1,7546.85
000:04:57.00,500,1500,24,23.8019,50.2068,6712.17,45,1,1,1,1,1,1,1,1,1,1,1,1,0.82645,0.473617,0.020533,0,1,1,1,1,7546.85
000:05:00.00,500,1500,24,23.8019,50.2068,6712.17,45,1,1,1,1,1,1,1,1,1,1,1,1,0.82645,0.473617,0.020533,0,1,1,1,1,7546.85
000:05:03.00,500,1500,24,23.8019,50.2068,6712.17,45,1,1,1,1,1,1,1,1,1,1,1,1,0.82645,0.473617,0.020533,0,1,1,1,1,7546.85
000:05:06.00,500,1500,24,23.8019,50.2068,6712.17,45,1,1,1,1,1,1,1,1,1,1,1,1,0.82645,0.473617,0.020533,0,1,1,1,1,7546.85
000:05:09.00,500,1500,24,23.8019,50.2068,6712.17,45,1,1,1,1,1,1,1,1,1,1,1,1,0.82645,0.473617,0.020533,0,1,1,1,1,7546.85
000:05:12.00,500,1500,24,23.8019,50.2068,6712.17,45,1,1,1,1,1,1,1,1,1,1,1,1,0.82645,0.473617,0.020533,0,1,1,1,1,7546.85
000:05:15.00,500,1500,24,23.8019,50.2068,6712.17,45,1,1,1,1,1,1,1,1,1,1,1,1,0.82645,0.473617,0.020533,0,1,1,1,1,7546.85
000:05:18.00,500,1500,24,23.8019,50.2068,6712.17,45,1,1,1,1,1,1,1,1,1,1,1,1,0.82645,0.473617,0.020533,0,1,1,1,1,7546.85
000:05:21.00,500,1500,24,23.8019,50.2068,6712.17,45,1,1,1,1,1,1,1,1,1,1,1,1,0.82645,0.473617,0.020533,0,1,1,1,1,7546.85
000:05:24.00,500,1500,24,23.8019,50.2068,6712.17,45,1,1,1,1,1,1,1,1,1,1,1,1,0.82645,0.473617,0.020533,0,1,1,1,1,7546.85
000:05:27.00,500,1500,24,23.8019,50.2068,6712.17,45,1,1,1,1,1,1,1,1,1,1,1,1,0.82645,0.473617,0.020533,0,1,1,1,1,7546.85
000:05:30.00,500,1500,24,23.8019,50.2068,6712.17,45,1,1,1,1,1,1,1,1,1,1,1,1,0.82645,0.473617,0.020533,0,1,1,1,1,7546.85
000:05:33.00,500,1500,24,23.8019,50.2068,6712.17,45,1,1,1,1,1,1,1,1,1,1,1,1,0.82645,0.473617,0.020533,0,1,1,1,1,7546.85
000:05:36.00,500,1500,24,23.8019,50.2068,6712.17,45,1,1,1,1,1,1,1,1,1,1,1,1,0.82645,0.473617,0.020533,0,1,1,1,1,7546.85
000:05:39.00,500,1500,24,23.8019,50.2068,6712.17,45,1,1,1,1,1,1,1,1,1,1,1,1,0.82645,0.473617,0.020533,0,1,1,1,1,7546.85
000:05:42.00,500,1500,24,23.8019,50.2068,6712.17,45,1,1,1,1,1,1,1,1,1,1,1,1,0.82645,0.473617,0.020533,0,1,1,1,1,7546.85
000:05:45.00,500,1500,24,23.8019,50.2068,6712.17,45,1,1,1,1,1,1,1,1,1,1,1,1,0.82645,0.473617,0.020533,0,1,1,1,1,7546.85
000:05:48.00,500,1500,24,23.8019,50.2068,6712.17,45,1,1,1,1,1,1,1,1,1,1,1,1,0.82645,0.473617,0.020533,0,1,1,1,1,7546.85
000:05:51.00,500,1500,24,23.8019,50.2068,6712.17,45,1,1,1,1,1,1,1,1,1,1,1,1,0.82645,0.473617,0.020533,0,1,1,1,1,7546.85
000:05:54.00,500,1500,24,23.8019,50.2068,6712.17,45,1,1,1,1,1,1,1,1,1,1,1,1,0.82645,0.473617,0.020533,0,1,1,1,1,7546.85
000:05:57.00,500,1500,24,23.8019,50.2068,6712.17,45,1,1,1,1,1,1,1,1,1,1,1,1,0.82645,0.473617,0.020533,0,1,1,1,1,7546.85
000:06:00.00,500,1500,24,23.8019,50.2068,6712.17,45,1,1,1,1,1,1,1,1,1,1,1,1,0.82645,0.473617,0.020533,0,1,1,1,1,7546.85
000:06:03.00,500,1500,24,23.8019,50.2068,6712.17,45,1,1,1,1,1,1,1,1,1,1,1,1,0.82645,0.473617,0.020533,0,1,1,1,1,7546.85
000:06:06.00,500,1500,24,23.8019,50.2068,6712.17,45,1,1,1,1,1,1,1,1,1,1,1,1,0.82645,0.473617,0.020533,0,1,1,1,1,7546.85
000:06:09.00,500,1500,24,23.8019,50.2068,6712.18,45,1,1,1,1,1,1,1,1,1,1,1,1,0.82645,0.473617,0.020533,0,1,1,1,1,7546.85
000:06:12.00,500,1500,24,23.8019,50.2068,6712.17,45,1,1,1,1,1,1,1,1,1,1,1,1,0.82645,0.473617,0.020533,0,1,1,1,1,7546.85
000:06:15.00,500,1500,24,23.8019,50.2068,6712.17,45,1,1,1,1,1,1,1,1,1,1,1,1,0.82645,0.473617,0.020533,0,1,1,1,1,7546.85
000:06:18.00,500,1500,24,23.8019,50.2068,6712.17,45,1,1,1,1,1,1,1,1,1,1,1,1,0.82645,0.473617,0.020533,0,1,1,1,1,7546.85
000:06:21.00,500,1500,24,23.8019,50.2068,6712.17,45,1,1,1,1,1,1,1,1,1,1,1,1,0.82645,0.473617,0.020533,0,1,1,1,1,7546.85
000:06:24.00,500,1500,24,23.8019,50.2068,6712.17,45,1,1,1,1,1,1,1,1,1,1,1,1,0.82645,0.473617,0.020533,0,1,1,1,1,7546.85
000:06:27.00,500,1500,24,23.8019,50.2068,6712.17,45,1,1,1,1,1,1,1,1,1,1,1,1,0.82645,0.473617,0.020533,0,1,1,1,1,7546.85
000:06:30.00,500,1500,24,23.8019,50.2068,6712.18,45,1,1,1,1,1,1,1,1,1,1,1,1,0.82645,0.473617,0.020533,0,1,1,1,1,7546.85
000:06:33.00,500,1500,24,23.8019,50.2068,6712.17,45,1,1,1,1,1,1,1,1,1,1,1,1,0.82645,0.473617,0.020533,0,1,1,1,1,7546.85
000:06:36.00,500,1500,24,23.8019,50.2068,6712.17,45,1,1,1,1,1,1,1,1,1,1,1,1,0.82645,0.473617,0.020533,0,1,1,1,1,7546.85
000:06:39.00,500,1500,24,23.8019,50.2068,6712.17,45,1,1,1,1,1,1,1,1,1,1,1,1,0.82645,0.473617,0.020533,0,1,1,1,1,7546.85
000:06:42.00,500,1500,24,23.8019,50.2068,6712.17,45,1,1,1,1,1,1,1,1,1,1,1,1,0.82645,0.473617,0.020533,0,1,1,1,1,7546.85
000:06:45.00,500,1500,24,23.8019,50.2068,6712.17,45,1,1,1,1,1,1,1,1,1,1,1,1,0.82645,0.473617,0.020533,0,1,1,1,1,7546.85
000:06:48.00,500,1500,24,23.8019,50.2068,6712.17,45,1,1,1,1,1,1,1,1,1,1,1,1,0.82645,0.473617,0.020533,0,1,1,1,1,7546.85
000:06:51.00,500,1500,24,23.8019,50.2068,6712.18,45,1,1,1,1,1,1,1,1,1,1,1,1,0.82645,0.473617,0.020533,0,1,1,1,1,7546.85
000:06:54.00,500,1500,24,23.8019,50.2068,6712.17,45,1,1,1,1,1,1,1,1,1,1,1,1,0.82645,0.473617,0.020533,0,1,1,1,1,7546.85
000:06:57.00,500,1500,24,23.8019,50.2068,6712.17,45,1,1,1,1,1,1,1,1,1,1,1,1,0.82645,0.473617,0.020533,0,1,1,1,1,7546.85
000:07:00.00,500,1500,24,23.8019,50.2068,6712.18,45,1,1,1,1,1,1,1,1,1,1,1,1,0.82645,0.473617,0.020533,0,1,1,1,1,7546.85
000:07:03.00,500,1500,24,23.8019,50.2068,6712.17,45,1,1,1,1,1,1,1,1,1,1,1,1,0.82645,0.473617,0.020533,0,1,1,1,1,7546.85
000:07:06.00,500,1500,24,23.8019,50.2068,6712.17,45,1,1,1,1,1,1,1,1,1,1,1,1,0.82645,0.473617,0.020533,0,1,1,1,1,7546.85
000:07:09.00,500,1500,24,23.8019,50.2068,6712.18,45,1,1,1,1,1,1,1,1,1,1,1,1,0.82645,0.473617,0.020533,0,1,1,1,1,7546.85
000:07:12.00,500,1500,24,23.8019,50.2068,6712.18,45,1,1,1,1,1,1,1,1,1,1,1,1,0.82645,0.473617,0.020533,0,1,1,1,1,7546.85
000:07:15.00,500,1500,24,23.8019,50.2068,6712.17,45,1,1,1,1,1,1,1,1,1,1,1,1,0.82645,0.473617,0.020533,0,1,1,1,1,7546.85
000:07:18.00,500,1500,24,23.8019,50.2068,6712.17,45,1,1,1,1,1,1,1,1,1,1,1,1,0.82645,0.473617,0.020533,0,1,1,1,1,7546.85
000:07:21.00,500,1500,24,23.8019,50.2068,6712.18,45,1,1,1,1,1,1,1,1,1,1,1,1,0.82645,0.473617,0.020533,0,1,1,1,1,7546.85
000:07:24.00,500,1500,24,23.8019,50.2068,6712.17,45,1,1,1,1,1,1,1,1,1,1,1,1,0.82645,0.473617,0.020533,0,1,1,1,1,7546.85
000:07:27.00,500,1500,24,23.8019,50.2068,6712.17,45,1,1,1,1,1,1,1,1,1,1,1,1,0.82645,0.473617,0.020533,0,1,1,1,1,7546.85
000:07:30.00,500,1500,24,23.8019,50.2068,6712.18,45,1,1,1,1,1,1,1,1,1,1,1,1,0.82645,0.473617,0.020533,0,1,1,1,1,7546.85
000:07:33.00,500,1500,24,23.8019,50.2068,6712.17,45,1,1,1,1,1,1,1,1,1,1,1,1,0.82645,0.473617,0.020533,0,1,1,1,1,7546.85
000:07:36.00,500,1500,24,23.8019,50.2068,6712.17,45,1,1,1,1,1,1,1,1,1,1,1,1,0.82645,0.473617,0.020533,0,1,1,1,1,7546.85
000:07:39.00,500,1500,24,23.8019,50.2068,6712.18,45,1,1,1,1,1,1,1,1,1,1,1,1,0.82645,0.473617,0.020533,0,1,1,1,1,7546.85
000:07:42.00,500,1500,24,23.8019,50.2068,6712.18,45,1,1,1,1,1,1,1,1,1,1,1,1,0.82645,0.473617,0.020533,0,1,1,1,1,7546.85
000:07:45.00,500,1500,24,23.8019,50.2068,6712.17,45,1,1,1,1,1,1,1,1,1,1,1,1,0.82645,0.473617,0.020533,0,1,1,1,1,7546.85
000:07:48.00,500,1500,24,23.8019,50.2068,6712.17,45,1,1,1,1,1,1,1,1,1,1,1,1,0.82645,0.473617,0.020533,0,1,1,1,1,7546.85
000:07:51.00,500,1500,24,23.8019,50.2068,6712.18,45,1,1,1,1,1,1,1,1,1,1,1,1,0.82645,0.473617,0.020533,0,1,1,1,1,7546.85
000:07:54.00,500,1500,24,23.8019,50.2068,6712.17,45,1,1,1,1,1,1,1,1,1,1,1,1,0.82645,0.473617,0.020533,0,1,1,1,1,7546.85
000:07:57.00,500,1500,24,23.8019,50.2068,6712.17,45,1,1,1,1,1,1,1,1,1,1,1,1,0.82645,0.473617,0.020533,0,1,1,1,1,7546.85
000:08:00.00,500,1500,24,23.8019,50.2068,6712.18,45,1,1,1,1,1,1,1,1,1,1,1,1,0.82645,0.473617,0.020533,0,1,1,1,1,7546.85
000:08:03.00,500,1500,24,23.8019,50.2068,6712.18,45,1,1,1,1,1,1,1,1,1,1,1,1,0.82645,0.473617,0.020533,0,1,1,1,1,7546.85
000:08:06.00,500,1500,24,23.8019,50.2068,6712.17,45,1,1,1,1,1,1,1,1,1,1,1,1,0.82645,0.473617,0.020533,0,1,1,1,1,7546.85
000:08:09.00,500,1500,24,23.8019,50.2068,6712.17,45,1,1,1,1,1,1,1,1,1,1,1,1,0.82645,0.473617,0.020533,0,1,1,1,1,7546.85
000:08:12.00,500,1500,24,23.8019,50.2068,6712.18,45,1,1,1,1,1,1,1,1,1,1,1,1,0.82645,0.473617,0.020533,0,1,1,1,1,7546.85
000:08:15.00,500,1500,24,23.8019,50.2068,6712.17,45,1,1,1,1,1,1,1,1,1,1,1,1,0.82645,0.473617,0.020533,0,1,1,1,1,7546.85
000:08:18.00,500,1500,24,23.8019,50.2068,6712.17,45,1,1,1,1,1,1,1,1,1,1,1,1,0.82645,0.473617,0.020533,0,1,1,1,1,7546.85
000:08:21.00,500,1500,24,23.8019,50.2068,6712.18,45,1,1,1,1,1,1,1,1,1,1,1,1,0.82645,0.473617,0.020533,0,1,1,1,1,7546.85
000:08:24.00,500,1500,24,23.8019,50.2068,6712.18,45,1,1,1,1,1,1,1,1,1,1,1,1,0.82645,0.473617,0.020533,0,1,1,1,1,7546.85
000:08:27.00,500,1500,24,23.8019,50.2068,6712.17,45,1,1,1,1,1,1,1,1,1,1,1,1,0.82645,0.473617,0.020533,0,1,1,1,1,7546.85
000:08:30.00,500,1500,24,23.8019,50.2068,6712.18,45,1,1,1,1,1,1,1,1,1,1,1,1,0.82645,0.473617,0.020533,0,1,1,1,1,7546.85
000:08:33.00,500,1500,24,23.8019,50.2068,6712.18,45,1,1,1,1,1,1,1,1,1,1,1,1,0.82645,0.473617,0.020533,0,1,1,1,1,7546.85
000:08:36.00,500,1500,24,23.8019,50.2068,6712.17,45,1,1,1,1,1,1,1,1,1,1,1,1,0.82645,0.473617,0.020533,0,1,1,1,1,7546.85
000:08:39.00,500,1500,24,23.8019,50.2068,6712.17,45,1,1,1,1,1,1,1,1,1,1,1,1,0.82645,0.473617,0.0205331,0,1,1,1,1,7546.85
000:08:42.00,500,1500,24,23.8019,50.2068,6712.18,45,1,1,1,1,1,1,1,1,1,1,1,1,0.82645,0.473617,0.020533,0,1,1,1,1,7546.85
000:08:45.00,500,1500,24,23.8019,50.2068,6712.18,45,1,1,1,1,1,1,1,1,1,1,1,1,0.82645,0.473617,0.020533,0,1,1,1,1,7546.85
000:08:48.00,500,1500,24,23.8019,50.2068,6712.17,45,1,1,1,1,1,1,1,1,1,1,1,1,0.82645,0.473617,0.020533,0,1,1,1,1,7546.85
000:08:51.00,500,1500,24,23.8019,50.2068,6712.18,45,1,1,1,1,1,1,1,1,1,1,1,1,0.82645,0.473617,0.0205331,0,1,1,1,1,7546.85
000:08:54.00,500,1500,24,23.8019,50.2068,6712.18,45,1,1,1,1,1,1,1,1,1,1,1,1,0.82645,0.473617,0.020533,0,1,1,1,1,7546.85
000:08:57.00,500,1500,24,23.8019,50.2068,6712.17,45,1,1,1,1,1,1,1,1,1,1,1,1,0.82645,0.473617,0.020533,0,1,1,1,1,7546.85
000:09:00.00,500,1500,24,23.8019,50.2068,6712.17,45,1,1,1,1,1,1,1,1,1,1,1,1,0.82645,0.473617,0.0205331,0,1,1,1,1,7546.85
000:09:03.00,500,1500,24,23.8019,50.2068,6712.18,45,1,1,1,1,1,1,1,1,1,1,1,1,0.82645,0.473617,0.0205331,0,1,1,1,1,7546.85
000:09:06.00,500,1500,24,23.8019,50.2068,6712.17,45,1,1,1,1,1,1,1,1,1,1,1,1,0.82645,0.473617,0.020533,0,1,1,1,1,7546.85
000:09:09.00,500,1500,24,23.8019,50.2068,6712.17,45,1,1,1,1,1,1,1,1,1,1,1,1,0.82645,0.473617,0.0205331,0,1,1,1,1,7546.85
000:09:12.00,500,1500,24.0001,23.8015,50.2068,6711.85,44.9998,1,1,1,1,1,1,1,1,1,1,1,1,0.82645,0.473617,0.0205331,0,1,1,1,1,7546.85
000:09:15.00,499.999,1500,24.0009,23.8008,50.2067,6710.68,44.9985,1,1,1,1,1,1,1,1,1,1,1,1,0.82645,0.473617,0.0205293,0,1,1,1,1,7546.96
000:09:18.00,499.997,1500,24.0019,23.8001,50.2067,6710.52,44.9982,1,1,1,1,1,1,1,1,1,1,1,1,0.826447,0.473616,0.0205265,0,1,1,1,1,7547.18
000:09:21.00,499.994,1500,24.0028,23.799,50.2067,6710.84,44.9987,1,1,1,1,1,1,1,1,1,1,1,1,0.82644,0.473615,0.0205274,0,1,1,1,1,7547.43
000:09:24.00,499.988,1499.99,24.0036,23.7978,50.2067,6711.18,44.9993,1,1,1,1,1,1,1,1,1,1,1,1,0.82643,0.473615,0.0205292,0,1,1,1,1,7547.7
000:09:27.00,499.981,1499.99,24.0043,23.7966,50.2067,6711.54,44.9996,1,1,1,1,1,1,1,1,1,1,1,1,0.826416,0.473613,0.0205304,0,1,1,1,1,7547.99
000:09:30.00,499.973,1499.99,24.0049,23.7952,50.2067,6711.94,44.9998,1,1,1,1,1,1,1,1,1,1,1,1,0.826399,0.473612,0.0205312,0,1,1,1,1,7548.3
000:09:33.00,499.963,1499.98,24.0054,23.7938,50.2067,6712.39,45.0001,1,1,1,1,1,1,1,1,1,1,1,1,0.82638,0.47361,0.020532,0,1,1,1,1,7548.63
000:09:36.00,499.953,1499.98,24.0059,23.7922,50.2067,6712.88,45.0004,1,1,1,1,1,1,1,1,1,1,1,1,0.826358,0.473607,0.0205329,0,1,1,1,1,7548.97
000:09:39.00,499.942,1499.98,24.0064,23.7906,50.2067,6713.38,45.0007,1,1,1,1,1,1,1,1,1,1,1,1,0.826334,0.473605,0.020534,0,1,1,1,1,7549.33
000:09:42.00,499.931,1499.97,24.0068,23.7889,50.2067,6713.91,45.0009,1,1,1,1,1,1,1,1,1,1,1,1,0.826308,0.473602,0.0205351,0,1,1,1,1,7549.7
000:09:45.00,499.919,1499.96,24.0071,23.7872,50.2067,6714.46,45.0012,1,1,1,1,1,1,1,1,1,1,1,1,0.826281,0.473599,0.0205362,0,1,1,1,1,7550.09
000:09:48.00,499.908,1499.96,24.0075,23.7854,50.2067,6715.02,45.0015,1,1,1,1,1,1,1,1,1,1,1,1,0.826254,0.473596,0.0205374,0,1,1,1,1,7550.49
000:09:51.00,499.896,1499.95,24.0078,23.7835,50.2067,6715.6,45.0018,1,1,1,1,1,1,1,1,1,1,1,1,0.826225,0.473593,0.0205387,0,1,1,1,1,7550.9
000:09:54.00,499.884,1499.95,24.0081,23.7816,50.2067,6716.19,45.0021,1,1,1,1,1,1,1,1,1,1,1,1,0.826197,0.47359,0.0205399,0,1,1,1,1,7551.31
000:09:57.00,499.873,1499.94,24.0084,23.7797,50.2067,6716.78,45.0024,1,1,1,1,1,1,1,1,1,1,1,1,0.826168,0.473586,0.0205413,0,1,1,1,1,7551.74
000:10:00.00,499.862,1499.93,24.0086,23.7776,50.2068,6717.39,45.0027,1,1,1,1,1,1,1,1,1,1,1,1,0.826139,0.473583,0.0205426,0,1,1,1,1,7552.18
000:10:03.00,499.851,1499.93,24.0088,23.7756,50.2068,6718,45.0029,1,1,1,1,1,1,1,1,1,1,1,1,0.82611,0.473579,0.020544,0,1,1,1,1,7552.63
000:10:06.00,499.841,1499.92,24.0091,23.7735,50.2068,6718.63,45.0032,1,1,1,1,1,1,1,1,1,1,1,1,0.826082,0.473576,0.0205453,0,1,1,1,1,7553.09
000:10:09.00,499.831,1499.92,24.0093,23.7713,50.2068,6719.26,45.0035,1,1,1,1,1,1,1,1,1,1,1,1,0.826054,0.473573,0.0205468,0,1,1,1,1,7553.55
000:10:12.00,499.822,1499.91,24.0095,23.7691,50.2068,6719.9,45.0037,1,1,1,1,1,1,1,1,1,1,1,1,0.826027,0.473569,0.0205482,0,1,1,1,1,7554.03
000:10:15.00,499.813,1499.91,24.0097,23.7669,50.2068,6720.55,45.004,1,1,1,1,1,1,1,1,1,1,1,1,0.826,0.473566,0.0205497,0,1,1,1,1,7554.51
000:10:18.00,499.805,1499.9,24.0099,23.7646,50.2068,6721.2,45.0042,1,1,1,1,1,1,1,1,1,1,1,1,0.825974,0.473563,0.0205512,0,1,1,1,1,7555
000:10:21.00,499.798,1499.9,24.0101,23.7623,50.2068,6721.87,45.0044,1,1,1,1,1,1,1,1,1,1,1,1,0.825949,0.47356,0.0205527,0,1,1,1,1,7555.51
000:10:24.00,499.791,1499.89,24.0103,23.7599,50.2068,6722.54,45.0047,1,1,1,1,1,1,1,1,1,1,1,1,0.825924,0.473557,0.0205542,0,1,1,1,1,7556.01
000:10:27.00,499.784,1499.89,24.0105,23.7575,50.2068,6723.22,45.0049,1,1,1,1,1,1,1,1,1,1,1,1,0.8259,0.473555,0.0205558,0,1,1,1,1,7556.53
000:10:30.00,499.778,1499.88,24.0106,23.7551,50.2068,6723.91,45.0051,1,1,1,1,1,1,1,1,1,1,1,1,0.825877,0.473552,0.0205574,0,1,1,1,1,7557.06
000:10:33.00,499.773,1499.88,24.0108,23.7526,50.2068,6724.61,45.0054,1,1,1,1,1,1,1,1,1,1,1,1,0.825855,0.473549,0.020559,0,1,1,1,1,7557.59
000:10:36.00,499.768,1499.87,24.011,23.75,50.2068,6725.32,45.0056,1,1,1,1,1,1,1,1,1,1,1,1,0.825833,0.473547,0.0205606,0,1,1,1,1,7558.14
000:10:39.00,499.764,1499.87,24.0112,23.7475,50.2068,6726.03,45.0058,1,1,1,1,1,1,1,1,1,1,1,1,0.825813,0.473545,0.0205623,0,1,1,1,1,7558.69
000:10:42.00,499.76,1499.87,24.0114,23.7449,50.2068,6726.76,45.006,1,1,1,1,1,1,1,1,1,1,1,1,0.825793,0.473542,0.020564,0,1,1,1,1,7559.25
000:10:45.00,499.756,1499.87,24.0116,23.7422,50.2068,6727.5,45.0062,1,1,1,1,1,1,1,1,1,1,1,1,0.825773,0.47354,0.0205657,0,1,1,1,1,7559.82
000:10:48.00,499.753,1499.86,24.0118,23.7395,50.2068,6728.24,45.0064,1,1,1,1,1,1,1,1,1,1,1,1,0.825755,0.473538,0.0205674,0,1,1,1,1,7560.4
000:10:51.00,499.751,1499.86,24.012,23.7368,50.2068,6729,45.0066,1,1,1,1,1,1,1,1,1,1,1,1,0.825737,0.473536,0.0205692,0,1,1,1,1,7560.99
000:10:54.00,499.749,1499.86,24.0122,23.734,50.2068,6729.77,45.0068,1,1,1,1,1,1,1,1,1,1,1,1,0.82572,0.473534,0.020571,0,1,1,1,1,7561.59
000:10:57.00,499.747,1499.86,24.0124,23.7311,50.2068,6730.55,45.007,1,1,1,1,1,1,1,1,1,1,1,1,0.825703,0.473533,0.0205728,0,1,1,1,1,7562.2
000:11:00.00,499.745,1499.85,24.0126,23.7282,50.2068,6731.34,45.0072,1,1,1,1,1,1,1,1,1,1,1,1,0.825687,0.473531,0.0205747,0,1,1,1,1,7562.82
000:11:03.00,499.744,1499.85,24.0128,23.7253,50.2068,6732.15,45.0074,1,1,1,1,1,1,1,1,1,1,1,1,0.825672,0.473529,0.0205765,0,1,1,1,1,7563.44
000:11:06.00,499.743,1499.85,24.013,23.7223,50.2068,6732.96,45.0076,1,1,1,1,1,1,1,1,1,1,1,1,0.825657,0.473528,0.0205785,0,1,1,1,1,7564.08
000:11:09.00,499.742,1499.85,24.0132,23.7193,50.2068,6733.79,45.0078,1,1,1,1,1,1,1,1,1,1,1,1,0.825642,0.473526,0.0205804,0,1,1,1,1,7564.73
000:11:12.00,499.742,1499.85,24.0134,23.7162,50.2068,6734.63,45.008,1,1,1,1,1,1,1,1,1,1,1,1,0.825629,0.473525,0.0205824,0,1,1,1,1,7565.39
000:11:15.00,499.742,1499.85,24.0136,23.7131,50.2068,6735.49,45.0082,1,1,1,1,1,1,1,1,1,1,1,1,0.825615,0.473523,0.0205844,0,1,1,1,1,7566.07
000:11:18.00,499.742,1499.84,24.0139,23.7099,50.2068,6736.36,45.0084,1,1,1,1,1,1,1,1,1,1,1,1,0.825602,0.473522,0.0205864,0,1,1,1,1,7566.75
000:11:21.00,499.742,1499.84,24.0141,23.7067,50.2068,6737.24,45.0086,1,1,1,1,1,1,1,1,1,1,1,1,0.825589,0.47352,0.0205885,0,1,1,1,1,7567.44
000:11:24.00,499.742,1499.84,24.0143,23.7034,50.2068,6738.14,45.0088,1,1,1,1,1,1,1,1,1,1,1,1,0.825577,0.473519,0.0205906,0,1,1,1,1,7568.15
000:11:27.00,499.743,1499.84,24.0146,23.7,50.2068,6739.05,45.009,1,1,1,1,1,1,1,1,1,1,1,1,0.825565,0.473517,0.0205928,0,1,1,1,1,7568.87
000:11:30.00,499.743,1499.84,24.0148,23.6966,50.2068,6739.98,45.0092,1,1,1,1,1,1,1,1,1,1,1,1,0.825553,0.473516,0.020595,0,1,1,1,1,7569.6
000:11:33.00,499.744,1499.84,24.0151,23.6932,50.2068,6740.92,45.0094,1,1,1,1,1,1,1,1,1,1,1,1,0.825542,0.473515,0.0205972,0,1,1,1,1,7570.34
000:11:36.00,499.745,1499.84,24.0153,23.6896,50.2068,6741.88,45.0096,1,1,1,1,1,1,1,1,1,1,1,1,0.82553,0.473513,0.0205995,0,1,1,1,1,7571.1
000:11:39.00,499.745,1499.84,24.0156,23.686,50.2068,6742.86,45.0098,1,1,1,1,1,1,1,1,1,1,1,1,0.825519,0.473512,0.0206018,0,1,1,1,1,7571.87
000:11:42.00,499.746,1499.83,24.0159,23.6824,50.2068,6743.85,45.01,1,1,1,1,1,1,1,1,1,1,1,1,0.825508,0.47351,0.0206041,0,1,1,1,1,7572.65
000:11:45.00,499.747,1499.83,24.0161,23.6787,50.2068,6744.86,45.0103,1,1,1,1,1,1,1,1,1,1,1,1,0.825497,0.473509,0.0206065,0,1,1,1,1,7573.45
000:11:48.00,499.748,1499.83,24.0164,23.6749,50.2068,6745.89,45.0105,1,1,1,1,1,1,1,1,1,1,1,1,0.825486,0.473508,0.0206089,0,1,1,1,1,7574.26
000:11:51.00,499.749,1499.83,24.0167,23.6711,50.2068,6746.94,45.0107,1,1,1,1,1,1,1,1,1,1,1,1,0.825476,0.473506,0.0206114,0,1,1,1,1,7575.09
000:11:54.00,499.75,1499.83,24.017,23.6671,50.2068,6748.01,45.0109,1,1,1,1,1,1,1,1,1,1,1,1,0.825465,0.473505,0.0206139,0,1,1,1,1,7575.93
000:11:57.00,499.751,1499.83,24.0173,23.6632,50.2068,6749.09,45.0111,1,1,1,1,1,1,1,1,1,1,1,1,0.825454,0.473503,0.0206164,0,1,1,1,1,7576.79
000:12:00.00,499.752,1499.83,24.0176,23.6591,50.2068,6750.19,45.0113,1,1,1,1,1,1,1,1,1,1,1,1,0.825443,0.473501,0.020619,0,1,1,1,1,7577.66
000:12:03.00,499.752,1499.83,24.018,23.655,50.2068,6751.32,45.0116,1,1,1,1,1,1,1,1,1,1,1,1,0.825433,0.4735,0.0206217,0,1,1,1,1,7578.55
000:12:06.00,499.753,1499.82,24.0183,23.6508,50.2068,6752.46,45.0118,1,1,1,1,1,1,1,1,1,1,1,1,0.825422,0.473498,0.0206244,0,1,1,1,1,7579.45
000:12:09.00,499.754,1499.82,24.0186,23.6465,50.2068,6753.63,45.012,1,1,1,1,1,1,1,1,1,1,1,1,0.82541,0.473496,0.0206271,0,1,1,1,1,7580.38
000:12:12.00,499.754,1499.82,24.019,23.6421,50.2068,6754.82,45.0123,1,1,1,1,1,1,1,1,1,1,1,1,0.825399,0.473494,0.0206299,0,1,1,1,1,7581.32
000:12:15.00,499.754,1499.82,24.0193,23.6377,50.2068,6756.03,45.0125,1,1,1,1,1,1,1,1,1,1,1,1,0.825388,0.473492,0.0206328,0,1,1,1,1,7582.27
000:12:18.00,499.755,1499.82,24.0197,23.6331,50.2068,6757.26,45.0127,1,1,1,1,1,1,1,1,1,1,1,1,0.825376,0.473491,0.0206357,0,1,1,1,1,7583.25
000:12:21.00,499.755,1499.81,24.02,23.6285,50.2068,6758.52,45.013,1,1,1,1,1,1,1,1,1,1,1,1,0.825364,0.473489,0.0206386,0,1,1,1,1,7584.24
000:12:24.00,499.755,1499.81,24.0204,23.6238,50.2068,6759.8,45.0132,1,1,1,1,1,1,1,1,1,1,1,1,0.825352,0.473486,0.0206416,0,1,1,1,1,7585.25
000:12:27.00,499.755,1499.81,24.0208,23.619,50.2068,6761.1,45.0135,1,1,1,1,1,1,1,1,1,1,1,1,0.82534,0.473484,0.0206447,0,1,1,1,1,7586.29
000:12:30.00,499.754,1499.81,24.0212,23.6141,50.2067,6762.43,45.0138,1,1,1,1,1,1,1,1,1,1,1,1,0.825327,0.473482,0.0206478,0,1,1,1,1,7587.34
000:12:33.00,499.754,1499.8,24.0216,23.6091,50.2067,6763.79,45.014,1,1,1,1,1,1,1,1,1,1,1,1,0.825314,0.47348,0.020651,0,1,1,1,1,7588.41
000:12:36.00,499.753,1499.8,24.0221,23.604,50.2067,6765.17,45.0143,1,1,1,1,1,1,1,1,1,1,1,1,0.8253,0.473477,0.0206543,0,1,1,1,1,7589.51
000:12:39.00,499.752,1499.8,24.0225,23.5988,50.2067,6766.58,45.0146,1,1,1,1,1,1,1,1,1,1,1,1,0.825286,0.473475,0.0206576,0,1,1,1,1,7590.62
000:12:42.00,499.751,1499.79,24.0229,23.5935,50.2067,6768.02,45.0148,1,1,1,1,1,1,1,1,1,1,1,1,0.825272,0.473472,0.020661,0,1,1,1,1,7591.76
000:12:45.00,499.75,1499.79,24.0234,23.5881,50.2067,6769.48,45.0151,1,1,1,1,1,1,1,1,1,1,1,1,0.825257,0.47347,0.0206644,0,1,1,1,1,7592.93
000:12:48.00,499.749,1499.79,24.0239,23.5826,50.2067,6770.99,45.0154,1,1,1,1,1,1,1,1,1,1,1,1,0.825242,0.473467,0.0206679,0,1,1,1,1,7594.11
000:12:51.00,499.747,1499.78,24.0243,23.577,50.2067,6772.52,45.0157,1,1,1,1,1,1,1,1,1,1,1,1,0.825226,0.473464,0.0206715,0,1,1,1,1,7595.32
000:12:54.00,499.745,1499.78,24.0248,23.5713,50.2067,6774.08,45.016,1,1,1,1,1,1,1,1,1,1,1,1,0.82521,0.473461,0.0206752,0,1,1,1,1,7596.55
000:12:57.00,499.743,1499.78,24.0253,23.5654,50.2067,6775.67,45.0163,1,1,1,1,1,1,1,1,1,1,1,1,0.825193,0.473458,0.0206789,0,1,1,1,1,7597.81
000:13:00.00,499.741,1499.77,24.0258,23.5594,50.2067,6777.29,45.0167,1,1,1,1,1,1,1,1,1,1,1,1,0.825175,0.473455,0.0206827,0,1,1,1,1,7599.1
000:13:03.00,499.738,1499.77,24.0264,23.5533,50.2067,6778.95,45.017,1,1,1,1,1,1,1,1,1,1,1,1,0.825157,0.473451,0.0206865,0,1,1,1,1,7600.41
000:13:06.00,499.735,1499.76,24.0269,23.5471,50.2067,6780.65,45.0173,1,1,1,1,1,1,1,1,1,1,1,1,0.825139,0.473448,0.0206905,0,1,1,1,1,7601.75
000:13:09.00,499.732,1499.76,24.0275,23.5408,50.2067,6782.37,45.0177,1,1,1,1,1,1,1,1,1,1,1,1,0.825119,0.473445,0.0206945,0,1,1,1,1,7603.12
000:13:12.00,499.729,1499.75,24.0281,23.5343,50.2067,6784.14,45.018,1,1,1,1,1,1,1,1,1,1,1,1,0.825099,0.473441,0.0206986,0,1,1,1,1,7604.52
000:13:15.00,499.725,1499.75,24.0287,23.5276,50.2067,6785.94,45.0184,1,1,1,1,1,1,1,1,1,1,1,1,0.825078,0.473437,0.0207028,0,1,1,1,1,7605.95
000:13:18.00,499.721,1499.74,24.0293,23.5208,50.2067,6787.79,45.0187,1,1,1,1,1,1,1,1,1,1,1,1,0.825057,0.473433,0.0207071,0,1,1,1,1,7607.41
000:13:21.00,499.717,1499.74,24.0299,23.5139,50.2067,6789.67,45.0191,1,1,1,1,1,1,1,1,1,1,1,1,0.825034,0.473429,0.0207115,0,1,1,1,1,7608.9
000:13:24.00,499.712,1499.73,24.0306,23.5068,50.2067,6791.59,45.0195,1,1,1,1,1,1,1,1,1,1,1,1,0.825011,0.473425,0.020716,0,1,1,1,1,7610.43
000:13:27.00,499.707,1499.73,24.0312,23.4996,50.2067,6793.56,45.0199,1,1,1,1,1,1,1,1,1,1,1,1,0.824987,0.473421,0.0207206,0,1,1,1,1,7611.99
000:13:30.00,499.702,1499.72,24.0319,23.4922,50.2067,6795.57,45.0203,1,1,1,1,1,1,1,1,1,1,1,1,0.824962,0.473417,0.0207252,0,1,1,1,1,7613.58
000:13:33.00,499.696,1499.72,24.0326,23.4846,50.2067,6797.63,45.0207,1,1,1,1,1,1,1,1,1,1,1,1,0.824936,0.473412,0.02073,0,1,1,1,1,7615.22
000:13:36.00,499.69,1499.71,24.0334,23.4769,50.2067,6799.73,45.0211,1,1,1,1,1,1,1,1,1,1,1,1,0.824909,0.473408,0.0207349,0,1,1,1,1,7616.89
000:13:39.00,499.684,1499.7,24.0341,23.469,50.2067,6801.89,45.0216,1,1,1,1,1,1,1,1,1,1,1,1,0.824881,0.473403,0.0207399,0,1,1,1,1,7618.59
000:13:42.00,499.677,1499.7,24.0349,23.4609,50.2067,6804.09,45.022,1,1,1,1,1,1,1,1,1,1,1,1,0.824851,0.473398,0.020745,0,1,1,1,1,7620.34
000:13:45.00,499.67,1499.69,24.0357,23.4526,50.2067,6806.34,45.0225,1,1,1,1,1,1,1,1,1,1,1,1,0.824821,0.473393,0.0207502,0,1,1,1,1,7622.13
000:13:48.00,499.662,1499.68,24.0366,23.4441,50.2067,6808.65,45.0229,1,1,1,1,1,1,1,1,1,1,1,1,0.82479,0.473387,0.0207555,0,1,1,1,1,7623.96
000:13:51.00,499.654,1499.67,24.0374,23.4354,50.2067,6811.01,45.0234,1,1,1,1,1,1,1,1,1,1,1,1,0.824757,0.473382,0.020761,0,1,1,1,1,7625.83
000:13:54.00,499.646,1499.67,24.0383,23.4265,50.2067,6813.42,45.0239,1,1,1,1,1,1,1,1,1,1,1,1,0.824723,0.473376,0.0207665,0,1,1,1,1,7627.75
000:13:57.00,499.637,1499.66,24.0392,23.4174,50.2066,6815.9,45.0244,1,1,1,1,1,1,1,1,1,1,1,1,0.824688,0.473371,0.0207722,0,1,1,1,1,7629.72
000:14:00.00,499.628,1499.65,24.0402,23.4081,50.2066,6818.43,45.025,1,1,1,1,1,1,1,1,1,1,1,1,0.824651,0.473365,0.0207781,0,1,1,1,1,7631.74
000:14:03.00,499.618,1499.64,24.0411,23.3985,50.2066,6821.03,45.0255,1,1,1,1,1,1,1,1,1,1,1,1,0.824613,0.473359,0.0207841,0,1,1,1,1,7633.8
000:14:06.00,499.608,1499.63,24.0421,23.3887,50.2066,6823.69,45.0261,1,1,1,1,1,1,1,1,1,1,1,1,0.824574,0.473352,0.0207902,0,1,1,1,1,7635.92
000:14:09.00,499.597,1499.62,24.0432,23.3787,50.2066,6826.42,45.0266,1,1,1,1,1,1,1,1,1,1,1,1,0.824533,0.473346,0.0207965,0,1,1,1,1,7638.09
000:14:12.00,499.586,1499.61,24.0443,23.3684,50.2066,6829.22,45.0272,1,1,1,1,1,1,1,1,1,1,1,1,0.82449,0.473339,0.0208029,0,1,1,1,1,7640.31
000:14:15.00,499.574,1499.6,24.0454,23.3579,50.2066,6832.09,45.0278,1,1,1,1,1,1,1,1,1,1,1,1,0.824446,0.473332,0.0208094,0,1,1,1,1,7642.59
000:14:18.00,499.561,1499.59,24.0465,23.347,50.2066,6835.03,45.0285,1,1,1,1,1,1,1,1,1,1,1,1,0.8244,0.473325,0.0208162,0,1,1,1,1,7644.93
000:14:21.00,499.548,1499.58,24.0477,23.3359,50.2066,6838.04,45.0291,1,1,1,1,1,1,1,1,1,1,1,1,0.824352,0.473318,0.0208231,0,1,1,1,1,7647.33
000:14:24.00,499.535,1499.57,24.0489,23.3246,50.2066,6841.14,45.0298,1,1,1,1,1,1,1,1,1,1,1,1,0.824302,0.47331,0.0208302,0,1,1,1,1,7649.8
000:14:27.00,499.52,1499.56,24.0502,23.3129,50.2066,6844.32,45.0304,1,1,1,1,1,1,1,1,1,1,1,1,0.824251,0.473302,0.0208374,0,1,1,1,1,7652.33
000:14:30.00,499.506,1499.55,24.0515,23.3009,50.2066,6847.58,45.0312,1,1,1,1,1,1,1,1,1,1,1,1,0.824197,0.473294,0.0208449,0,1,1,1,1,7654.93
000:14:33.00,499.49,1499.54,24.0529,23.2886,50.2066,6850.93,45.0319,1,1,1,1,1,1,1,1,1,1,1,1,0.824141,0.473286,0.0208525,0,1,1,1,1,7657.6
000:14:36.00,499.474,1499.52,24.0543,23.2759,50.2065,6854.37,45.0326,1,1,1,1,1,1,1,1,1,1,1,1,0.824084,0.473277,0.0208603,0,1,1,1,1,7660.34
000:14:39.00,499.457,1499.51,24.0558,23.2629,50.2065,6857.9,45.0334,1,1,1,1,1,1,1,1,1,1,1,1,0.824023,0.473268,0.0208683,0,1,1,1,1,7663.16
000:14:42.00,499.439,1499.5,24.0573,23.2496,50.2065,6861.53,45.0342,1,1,1,1,1,1,1,1,1,1,1,1,0.823961,0.473259,0.0208766,0,1,1,1,1,7666.05
000:14:45.00,499.42,1499.48,24.0589,23.2358,50.2065,6865.26,45.035,1,1,1,1,1,1,1,1,1,1,1,1,0.823896,0.473249,0.020885,0,1,1,1,1,7669.03
000:14:48.00,499.401,1499.47,24.0605,23.2217,50.2065,6869.1,45.0359,1,1,1,1,1,1,1,1,1,1,1,1,0.823828,0.47324,0.0208937,0,1,1,1,1,7672.09
000:14:51.00,499.381,1499.45,24.0622,23.2072,50.2065,6873.04,45.0368,1,1,1,1,1,1,1,1,1,1,1,1,0.823758,0.473229,0.0209027,0,1,1,1,1,7675.24
000:14:54.00,499.359,1499.44,24.064,23.1923,50.2065,6877.1,45.0377,1,1,1,1,1,1,1,1,1,1,1,1,0.823685,0.473219,0.0209118,0,1,1,1,1,7678.48
000:14:57.00,499.337,1499.42,24.0658,23.1769,50.2065,6881.28,45.0386,1,1,1,1,1,1,1,1,1,1,1,1,0.823609,0.473208,0.0209213,0,1,1,1,1,7681.82
000:15:00.00,499.314,1499.41,24.0677,23.1611,50.2064,6885.58,45.0396,1,1,1,1,1,1,1,1,1,1,1,1,0.82353,0.473197,0.020931,0,1,1,1,1,7685.25
000:15:03.00,499.29,1499.39,24.0697,23.1449,50.2064,6890,45.0406,1,1,1,1,1,1,1,1,1,1,1,1,0.823448,0.473185,0.0209409,0,1,1,1,1,7688.79
000:15:06.00,499.265,1499.37,24.0718,23.1281,50.2064,6894.56,45.0416,1,1,1,1,1,1,1,1,1,1,1,1,0.823362,0.473173,0.0209512,0,1,1,1,1,7692.44
000:15:09.00,499.238,1499.35,24.0739,23.1108,50.2064,6899.25,45.0427,1,1,1,1,1,1,1,1,1,1,1,1,0.823273,0.473161,0.0209617,0,1,1,1,1,7696.19
000:15:12.00,499.211,1499.33,24.0762,23.0931,50.2064,6904.09,45.0438,1,1,1,1,1,1,1,1,1,1,1,1,0.82318,0.473148,0.0209725,0,1,1,1,1,7700.07
000:15:15.00,499.182,1499.31,24.0785,23.0747,50.2064,6909.08,45.045,1,1,1,1,1,1,1,1,1,1,1,1,0.823083,0.473135,0.0209837,0,1,1,1,1,7704.06
000:15:18.00,499.152,1499.29,24.0809,23.0558,50.2063,6914.22,45.0461,1,1,1,1,1,1,1,1,1,1,1,1,0.822983,0.473121,0.0209952,0,1,1,1,1,7708.18
000:15:21.00,499.12,1499.27,24.0834,23.0363,50.2063,6919.53,45.0474,1,1,1,1,1,1,1,1,1,1,1,1,0.822878,0.473107,0.021007,0,1,1,1,1,7712.44
000:15:24.00,499.088,1499.25,24.0861,23.0162,50.2063,6925,45.0487,1,1,1,1,1,1,1,1,1,1,1,1,0.822768,0.473092,0.0210192,0,1,1,1,1,7716.83
000:15:27.00,499.053,1499.23,24.0888,22.9954,50.2063,6930.65,45.05,1,1,1,1,1,1,1,1,1,1,1,1,0.822654,0.473077,0.0210318,0,1,1,1,1,7721.36
000:15:30.00,499.017,1499.2,24.0917,22.974,50.2062,6936.49,45.0514,1,1,1,1,1,1,1,1,1,1,1,1,0.822535,0.473061,0.0210447,0,1,1,1,1,7726.05
000:15:33.00,498.979,1499.18,24.0947,22.9518,50.2062,6942.51,45.0528,1,1,1,1,1,1,1,1,1,1,1,1,0.822411,0.473044,0.0210581,0,1,1,1,1,7730.89
000:15:36.00,498.94,1499.15,24.0978,22.9289,50.2062,6948.74,45.0543,1,1,1,1,1,1,1,1,1,1,1,1,0.822281,0.473027,0.0210719,0,1,1,1,1,7735.89
000:15:39.00,498.898,1499.12,24.1011,22.9053,50.2062,6955.18,45.0558,1,1,1,1,1,1,1,1,1,1,1,1,0.822146,0.473009,0.0210861,0,1,1,1,1,7741.07
000:15:42.00,498.855,1499.1,24.1045,22.8808,50.2061,6961.84,45.0574,1,1,1,1,1,1,1,1,1,1,1,1,0.822004,0.47299,0.0211008,0,1,1,1,1,7746.43
000:15:45.00,498.809,1499.07,24.1081,22.8555,50.2061,6968.73,45.0591,1,1,1,1,1,1,1,1,1,1,1,1,0.821857,0.472971,0.0211159,0,1,1,1,1,7751.98
000:15:48.00,498.761,1499.04,24.1119,22.8293,50.2061,6975.86,45.0609,1,1,1,1,1,1,1,1,1,1,1,1,0.821702,0.472951,0.0211316,0,1,1,1,1,7757.73
000:15:51.00,498.711,1499,24.1158,22.8021,50.206,6983.25,45.0627,1,1,1,1,1,1,1,1,1,1,1,1,0.821541,0.47293,0.0211478,0,1,1,1,1,7763.68
000:15:54.00,498.658,1498.97,24.1199,22.774,50.206,6990.9,45.0645,1,1,1,1,1,1,1,1,1,1,1,1,0.821372,0.472908,0.0211645,0,1,1,1,1,7769.85
000:15:57.00,498.603,1498.94,24.1243,22.7449,50.2059,6998.82,45.0665,1,1,1,1,1,1,1,1,1,1,1,1,0.821195,0.472886,0.0211818,0,1,1,1,1,7776.25
000:16:00.00,498.545,1498.9,24.1288,22.7147,50.2059,7007.04,45.0685,1,1,1,1,1,1,1,1,1,1,1,1,0.82101,0.472862,0.0211997,0,1,1,1,1,7782.89
000:16:03.00,498.484,1498.86,24.1336,22.6834,50.2058,7015.57,45.0707,1,1,1,1,1,1,1,1,1,1,1,1,0.820816,0.472837,0.0212182,0,1,1,1,1,7789.79
000:16:06.00,498.419,1498.82,24.1386,22.6509,50.2058,7024.42,45.0729,1,1,1,1,1,1,1,1,1,1,1,1,0.820612,0.472811,0.0212374,0,1,1,1,1,7796.95
000:16:09.00,498.352,1498.78,24.1439,22.6171,50.2057,7033.61,45.0752,1,1,1,1,1,1,1,1,1,1,1,1,0.820399,0.472785,0.0212573,0,1,1,1,1,7804.4
000:16:12.00,498.28,1498.74,24.1495,22.582,50.2057,7043.15,45.0776,1,1,1,1,1,1,1,1,1,1,1,1,0.820175,0.472756,0.0212779,0,1,1,1,1,7812.14
000:16:15.00,498.205,1498.69,24.1554,22.5456,50.2056,7053.07,45.0801,1,1,1,1,1,1,1,1,1,1,1,1,0.819941,0.472727,0.0212993,0,1,1,1,1,7820.19
000:16:18.00,498.126,1498.64,24.1616,22.5077,50.2056,7063.39,45.0828,1,1,1,1,1,1,1,1,1,1,1,1,0.819694,0.472696,0.0213215,0,1,1,1,1,7828.58
000:16:21.00,498.042,1498.59,24.1681,22.4683,50.2055,7074.12,45.0855,1,1,1,1,1,1,1,1,1,1,1,1,0.819435,0.472664,0.0213445,0,1,1,1,1,7837.31
000:16:24.00,497.954,1498.54,24.175,22.4272,50.2054,7085.3,45.0884,1,1,1,1,1,1,1,1,1,1,1,1,0.819162,0.47263,0.0213684,0,1,1,1,1,7846.42
000:16:27.00,497.861,1498.48,24.1823,22.3844,50.2053,7096.94,45.0914,1,1,1,1,1,1,1,1,1,1,1,1,0.818875,0.472595,0.0213932,0,1,1,1,1,7855.92
000:16:30.00,497.762,1498.42,24.19,22.3399,50.2052,7109.09,45.0946,1,1,1,1,1,1,1,1,1,1,1,1,0.818573,0.472558,0.021419,0,1,1,1,1,7865.83
000:16:33.00,497.658,1498.36,24.1982,22.2934,50.2051,7121.76,45.0979,1,1,1,1,1,1,1,1,1,1,1,1,0.818255,0.472519,0.0214458,0,1,1,1,1,7876.18
000:16:36.00,497.548,1498.3,24.2068,22.2451,50.205,7134.76,45.1013,1,1,1,1,1,1,1,1,1,1,1,1,0.817919,0.472478,0.0214735,0,1,1,1,1,7887
000:16:39.00,497.431,1498.23,24.2162,22.1948,50.2049,7148.15,45.1047,1,1,1,1,1,1,1,1,1,1,1,1,0.817565,0.472435,0.0215017,0,1,1,1,1,7898.34
000:16:42.00,497.306,1498.16,24.2262,22.1423,50.2048,7162.26,45.1084,1,1,1,1,1,1,1,1,1,1,1,1,0.81719,0.47239,0.0215313,0,1,1,1,1,7910.23
000:16:45.00,497.174,1498.08,24.2368,22.0873,50.2046,7177.1,45.1124,1,1,1,1,1,1,1,1,1,1,1,1,0.816794,0.472342,0.0215628,0,1,1,1,1,7922.69
000:16:48.00,497.033,1498,24.2481,22.0296,50.2045,7192.71,45.1168,1,1,1,1,1,1,1,1,1,1,1,1,0.816374,0.472292,0.0215959,0,1,1,1,1,7935.77
000:16:51.00,496.882,1497.91,24.26,21.9693,50.2044,7209.1,45.1213,1,1,1,1,1,1,1,1,1,1,1,1,0.815929,0.472239,0.0216306,0,1,1,1,1,7949.5
000:16:54.00,496.722,1497.82,24.2728,21.906,50.2042,7226.29,45.1261,1,1,1,1,1,1,1,1,1,1,1,1,0.815457,0.472183,0.0216668,0,1,1,1,1,7963.92
000:16:57.00,496.551,1497.73,24.2864,21.8396,50.204,7244.32,45.1311,1,1,1,1,1,1,1,1,1,1,1,1,0.814956,0.472124,0.0217045,0,1,1,1,1,7979.08
000:17:00.00,496.369,1497.63,24.3009,21.7699,50.2038,7263.25,45.1364,1,1,1,1,1,1,1,1,1,1,1,1,0.814424,0.472061,0.021744,0,1,1,1,1,7995.04
000:17:03.00,496.175,1497.52,24.3164,21.6967,50.2036,7283.14,45.142,1,1,1,1,1,1,1,1,1,1,1,1,0.813859,0.471995,0.0217853,0,1,1,1,1,8011.85
000:17:06.00,495.967,1497.4,24.3331,21.6197,50.2034,7304.04,45.1479,1,1,1,1,1,1,1,1,1,1,1,1,0.813258,0.471924,0.0218285,0,1,1,1,1,8029.58
000:17:09.00,495.745,1497.28,24.351,21.5387,50.2032,7326.02,45.1541,1,1,1,1,1,1,1,1,1,1,1,1,0.812618,0.47185,0.0218738,0,1,1,1,1,8048.29
000:17:12.00,495.507,1497.15,24.3702,21.4536,50.2029,7349.03,45.1605,1,1,1,1,1,1,1,1,1,1,1,1,0.811937,0.471771,0.0219214,0,1,1,1,1,8068.09
000:17:15.00,495.253,1497.01,24.3909,21.3634,50.2026,7373.61,45.166,1,1,1,1,1,1,1,1,1,1,1,1,0.81121,0.471687,0.0219678,0,1,1,1,1,8089.09
000:17:18.00,494.98,1496.86,24.413,21.2681,50.2023,7399.69,45.1714,1,1,1,1,1,1,1,1,1,1,1,1,0.810435,0.471598,0.0220136,0,1,1,1,1,8111.32
000:17:21.00,494.687,1496.71,24.4369,21.1674,50.2019,7427.17,45.177,1,1,1,1,1,1,1,1,1,1,1,1,0.809607,0.471503,0.0220608,0,1,1,1,1,8134.88
000:17:24.00,494.373,1496.54,24.4626,21.0609,50.2016,7456.18,45.1831,1,1,1,1,1,1,1,1,1,1,1,1,0.808722,0.471402,0.0221103,0,1,1,1,1,8159.88
000:17:27.00,494.035,1496.36,24.4904,20.9482,50.2011,7486.85,45.1895,1,1,1,1,1,1,1,1,1,1,1,1,0.807776,0.471295,0.0221623,0,1,1,1,1,8186.44
000:17:30.00,493.672,1496.17,24.5209,20.8275,50.2006,7517.96,45.1956,1,1,1,1,1,1,1,1,1,1,1,1,0.806763,0.47118,0.0222168,0,1,1,1,1,8214.73
000:17:33.00,493.279,1495.96,24.5549,20.7008,50.2,7551.66,45.2015,1,1,1,1,1,1,1,1,1,1,1,1,0.805676,0.471058,0.0222665,0,1,1,1,1,8245.06
000:17:36.00,492.855,1495.74,24.5913,20.5652,50.1995,7589.19,45.2103,1,1,1,1,1,1,1,1,1,1,1,1,0.804506,0.470927,0.0223274,0,1,1,1,1,8277.44
000:17:39.00,492.396,1495.51,24.6304,20.421,50.1989,7628.95,45.2198,1,1,1,1,1,1,1,1,1,1,1,1,0.803247,0.470787,0.0223947,0,1,1,1,1,8311.99
000:17:42.00,491.899,1495.26,24.673,20.2675,50.1982,7670.97,45.229,1,1,1,1,1,1,1,1,1,1,1,1,0.80189,0.470637,0.0224627,0,1,1,1,1,8348.94
000:17:45.00,491.361,1494.98,24.7196,20.1055,50.1974,7714.59,45.2381,1,1,1,1,1,1,1,1,1,1,1,1,0.800429,0.470477,0.0225317,0,1,1,1,1,8388.54
000:17:48.00,490.778,1494.69,24.7708,19.9323,50.1965,7761.09,45.248,1,1,1,1,1,1,1,1,1,1,1,1,0.798852,0.470304,0.0226038,0,1,1,1,1,8431.11
000:17:51.00,490.144,1494.38,24.827,19.747,50.1955,7811.03,45.2591,1,1,1,1,1,1,1,1,1,1,1,1,0.797149,0.470119,0.0226812,0,1,1,1,1,8476.92
000:17:54.00,489.456,1494.04,24.8889,19.5489,50.1944,7864.43,45.271,1,1,1,1,1,1,1,1,1,1,1,1,0.795306,0.46992,0.022764,0.000124223,1,1,1,1,8526.31
000:17:57.00,488.705,1493.67,24.9621,19.3371,50.1925,7924.63,45.2857,1,1,1,1,1,1,1,1,1,1,1,1,0.793308,0.469706,0.0228537,0.000604809,1,1,1,1,8579.92
000:18:00.00,487.872,1493.27,25.0549,19.1067,50.19,7998.44,45.3091,1,1,1,1,1,1,1,1,1,1,1,1,0.791124,0.469473,0.0229689,0.00135445,1,1,1,1,8639.83
000:18:03.00,486.931,1492.83,25.171,18.8513,50.1871,8090.37,45.3443,1,1,1,1,1,1,1,1,1,1,1,1,0.7887,0.469216,0.023126,0.00234539,1,1,1,1,8707.67
000:18:06.00,485.85,1492.31,25.3154,18.5634,50.1838,8204.94,45.3924,1,1,1,1,1,1,1,1,1,1,1,1,0.785969,0.468922,0.0233319,0.00356703,1,1,1,1,8785.26
000:18:09.00,484.59,1491.71,25.4904,18.2386,50.1802,8343.74,45.4521,1,1,1,1,1,1,1,1,1,1,1,1,0.782848,0.468579,0.0235872,0.00503471,1,1,1,1,8874.4
000:18:12.00,483.108,1490.99,25.7003,17.8667,50.1761,8510.82,45.5235,1,1,1,1,1,1,1,1,1,1,1,1,0.779248,0.468175,0.0238911,0.00684407,1,1,1,1,8976.91
000:18:15.00,481.36,1490.13,25.9514,17.4444,50.1712,8708.71,45.6042,1,1,1,1,1,1,1,1,1,1,1,1,0.775067,0.467699,0.0242428,0.00899805,1,1,1,1,9095.39
000:18:18.00,479.291,1489.12,26.2631,16.9529,50.1636,8952.5,45.6968,1,1,1,1,1,1,1,1,1,1,1,1,0.770194,0.46714,0.0246391,0.0135436,1,1,1,1,9233.17
000:18:21.00,476.812,1487.92,26.6864,16.3772,50.1524,9268.63,45.8192,1,1,1,1,1,1,1,1,1,1,1,1,0.76446,0.46648,0.02513,0.0190349,1,1,1,1,9400.55
000:18:24.00,473.772,1486.47,27.3554,15.9294,50.1209,9628.33,45.9594,1,1,1,1,1,1,1,1,1,0,1,1,0.757612,0.465692,0.0257422,0.0420805,1,1,1,1,9491.82
000:18:27.00,469.806,1484.66,28.3759,16.0066,50.1095,9787.81,46.0586,1,1,1,1,1,1,1,1,1,0,1,1,0.748978,0.464713,0.0263279,0.0367223,1,1,1,1,9492.65
000:18:30.00,464.874,1482.51,29.1925,16.0468,50.1146,9801.94,46.008,1,1,1,1,1,1,1,1,1,0,1,1,0.738141,0.463556,0.0265031,0.0353937,1,1,1,1,9492.68
000:18:33.00,459.128,1480.07,29.8968,16.0705,50.1149,9763.22,45.8755,1,1,1,1,1,1,1,1,1,0,1,1,0.725305,0.462239,0.0262689,0.036389,1,1,1,1,9493.05
000:18:36.00,452.719,1478.19,30.5554,14.1633,50.134,9099.8,45.3495,1,1,1,1,1,1,1,1,0,0,1,1,0.632447,0.295099,0.0259756,0,0.833333,0.833333,0.75,0.833333,8851.23
000:18:39.00,446.851,1485.45,31.9298,14.6794,50.0998,4939.6,42.2938,1,1,1,1,1,1,1,1,0,0,1,1,0.382447,0.0450993,0.0180256,0,0.583333,0.583333,0.5,0.583333,7520.71
000:18:42.00,443.404,1503.09,33.7892,11.9267,50.0932,2574.79,39.072,1,1,1,1,1,1,1,1,0,0,1,1,0.132447,0,0.00620059,0,0.333333,0.333333,0.25,0.333333,6700.03
000:18:45.00,442.242,1523.61,34.4544,9.78903,50.1129,928.636,36.6757,1,1,1,1,1,1,1,1,0,0,1,1,0,0,0,0,0.0833333,0.0833333,5.55E-16,0.0833333,6351.31
000:18:48.00,441.911,1538.38,34.0095,9.19161,50.2713,152.849,35.2974,1,1,1,1,1,1,1,1,0,0,1,1,0,0,0,0,0,0,0,0,6281.92
000:18:51.00,441.722,1547.93,33.499,9.29337,50.2969,10.2623,34.5175,1,1,1,1,1,1,1,1,0,0,1,1,0,0,0,0,0,0,0,0,6239.81
000:18:54.00,441.614,1554.17,33.1315,9.50417,50.2409,0,34.049,1,1,1,1,1,1,1,1,0,0,1,1,0,0,0,0,0,0,0,0,6198.26
000:18:57.00,441.552,1558.28,32.8808,9.946,50.1224,0,33.7407,1,1,1,1,1,1,1,1,0,0,1,1,0,0,0,0,0,0,0,0,6156.83
000:19:00.00,441.517,1561.03,32.7109,10.6354,49.917,0,33.4899,1,1,1,1,1,1,1,1,0,0,1,1,0,0,0,0,0,0,0,0,6115.51
000:19:03.00,441.497,1562.89,32.593,11.5701,49.6228,0,33.2376,1,1,1,1,1,1,1,1,0,0,1,1,0,0,0,0,0,0,0,0,6074.29
000:19:06.00,441.485,1564.16,32.5097,12.7135,49.2463,0,32.9502,1,1,1,1,1,1,1,1,0,0,1,1,0,0,0,0,0,0,0,0,6033.18
000:19:09.00,441.478,1565.05,32.4502,14.0045,48.8027,0,32.6102,1,1,1,1,1,1,1,1,0,0,1,1,0,0,0,0,0,0,0,0,5992.18
000:19:12.00,441.475,1565.67,32.4069,15.3415,48.3216,0,32.2256,1,1,1,1,1,1,1,1,0,0,1,1,0,0,0,0,0,0,0,0,5951.29
000:19:15.00,441.473,1566.12,32.3751,16.6182,47.8423,0,31.818,1,1,1,1,1,1,1,1,0,0,1,1,0,0,0,0,0,0,0,0,5910.51
000:19:18.00,441.471,1566.44,32.3514,17.7946,47.3842,0,31.4073,1,1,1,1,1,1,1,1,0,0,1,1,0,0,0,0,0,0,0,0,5869.83
000:19:21.00,441.471,1566.68,32.3334,18.838,46.9634,0,31.0115,1,1,1,1,1,1,1,1,0,0,1,1,0,0,0,0,0,0,0,0,5829.26
000:19:24.00,441.47,1566.86,32.3196,19.7547,46.5827,0,30.6416,1,1,1,1,1,1,1,1,0,0,1,1,0,0,0,0,0,0,0,0,5788.79
000:19:27.00,441.47,1566.99,32.3088,20.5415,46.2447,0,30.3048,1,1,1,1,1,1,1,1,0,0,1,1,0,0,0,0,0,0,0,0,5748.43
000:19:30.00,441.47,1567.09,32.3003,21.2227,45.9444,0,30.0029,1,1,1,1,1,1,1,1,0,0,1,1,0,0,0,0,0,0,0,0,5708.18
000:19:33.00,441.469,1567.17,32.2935,21.8114,45.6775,0,29.7352,1,1,1,1,1,1,1,1,0,0,1,1,0,0,0,0,0,0,0,0,5668.03
000:19:36.00,441.469,1567.23,32.288,22.3255,45.4385,0,29.4973,1,1,1,1,1,1,1,1,0,0,1,1,0,0,0,0,0,0,0,0,5627.99
000:19:39.00,441.469,1567.28,32.2834,22.7817,45.2216,0,29.285,1,1,1,1,1,1,1,1,0,0,1,1,0,0,0,0,0,0,0,0,5588.05
000:19:42.00,441.469,1567.31,32.2796,23.1895,45.023,0,29.0953,1,1,1,1,1,1,1,1,0,0,1,1,0,0,0,0,0,0,0,0,5548.22
000:19:45.00,441.469,1567.34,32.2765,23.5618,44.839,0,28.9249,1,1,1,1,1,1,1,1,0,0,1,1,0,0,0,0,0,0,0,0,5508.49
000:19:48.00,441.469,1567.36,32.2738,23.9057,44.6662,0,28.7706,1,1,1,1,1,1,1,1,0,0,1,1,0,0,0,0,0,0,0,0,5468.87
000:19:51.00,441.468,1567.38,32.2714,24.2292,44.5018,0,28.629,1,1,1,1,1,1,1,1,0,0,1,1,0,0,0,0,0,0,0,0,5429.35
000:19:54.00,441.468,1567.39,32.2693,24.5325,44.3451,0,28.4982,1,1,1,1,1,1,1,1,0,0,1,1,0,0,0,0,0,0,0,0,5389.93
000:19:57.00,441.468,1567.41,32.2674,24.8218,44.1943,0,28.3762,1,1,1,1,1,1,1,1,0,0,1,1,0,0,0,0,0,0,0,0,5350.62
000:20:00.00,441.468,1567.41,32.2658,25.0976,44.0483,0,28.2585,1,1,1,1,1,1,1,1,0,0,1,1,0,0,0,0,0,0,0,0,5311.41
000:20:03.00,441.468,1567.42,32.2643,25.3656,43.9055,0,28.144,1,1,1,1,1,1,1,1,0,0,1,1,0,0,0,0,0,0,0,0,5272.3
000:20:06.00,441.468,1567.43,32.2629,25.6236,43.7661,0,28.0327,1,1,1,1,1,1,1,1,0,0,1,1,0,0,0,0,0,0,0,0,5233.3
000:20:09.00,441.467,1567.43,32.2617,25.8714,43.6309,0,27.9255,1,1,1,1,1,1,1,1,0,0,1,1,0,0,0,0,0,0,0,0,5194.4
000:20:12.00,441.467,1567.44,32.2605,26.1106,43.4993,0,27.8222,1,1,1,1,1,1,1,1,0,0,1,1,0,0,0,0,0,0,0,0,5155.6
000:20:15.00,441.467,1567.44,32.2593,26.3418,43.371,0,27.7229,1,1,1,1,1,1,1,1,0,0,1,1,0,0,0,0,0,0,0,0,5116.9
000:20:18.00,441.467,1567.44,32.2583,26.5707,43.2444,0,27.6266,1,1,1,1,1,1,1,1,0,0,1,1,0,0,0,0,0,0,0,0,5078.3
000:20:21.00,441.467,1567.44,32.2572,26.7905,43.1208,0,27.5335,1,1,1,1,1,1,1,1,0,0,1,1,0,0,0,0,0,0,0,0,5039.81
000:20:24.00,441.466,1567.44,32.2562,27.003,43.0004,0,27.4438,1,1,1,1,1,1,1,1,0,0,1,1,0,0,0,0,0,0,0,0,5001.41
000:20:27.00,441.466,1567.44,32.2552,27.2103,42.8822,0,27.3571,1,1,1,1,1,1,1,1,0,0,1,1,0,0,0,0,0,0,0,0,4963.12
000:20:30.00,441.466,1567.45,32.2542,27.4113,42.7666,0,27.2733,1,1,1,1,1,1,1,1,0,0,1,1,0,0,0,0,0,0,0,0,4924.93
000:20:33.00,441.466,1567.45,32.2533,27.6116,42.6522,0,27.1919,1,1,1,1,1,1,1,1,0,0,1,1,0,0,0,0,0,0,0,0,4886.83
000:20:36.00,441.466,1567.45,32.2524,27.8052,42.5398,0,27.1126,1,1,1,1,1,1,1,1,0,0,1,1,0,0,0,0,0,0,0,0,4848.84
000:20:39.00,441.466,1567.45,32.2515,27.991,42.4306,0,27.0362,1,1,1,1,1,1,1,1,0,0,1,1,0,0,0,0,0,0,0,0,4810.95
000:20:42.00,441.465,1567.45,32.2506,28.1734,42.3235,0,26.9623,1,1,1,1,1,1,1,1,0,0,1,1,0,0,0,0,0,0,0,0,4773.15
000:20:45.00,441.465,1567.45,32.2497,28.352,42.218,0,26.8908,1,1,1,1,1,1,1,1,0,0,1,1,0,0,0,0,0,0,0,0,4735.46
000:20:48.00,441.465,1567.45,32.2488,28.5255,42.1147,0,26.8215,1,1,1,1,1,1,1,1,0,0,1,1,0,0,0,0,0,0,0,0,4697.86
000:20:51.00,441.465,1567.45,32.2479,28.6994,42.0122,0,26.7539,1,1,1,1,1,1,1,1,0,0,1,1,0,0,0,0,0,0,0,0,4660.36
000:20:54.00,441.465,1567.45,32.247,28.8665,41.9117,0,26.6882,1,1,1,1,1,1,1,1,0,0,1,1,0,0,0,0,0,0,0,0,4622.96
000:20:57.00,441.465,1567.45,32.2462,29.0279,41.8137,0,26.6248,1,1,1,1,1,1,1,1,0,0,1,1,0,0,0,0,0,0,0,0,4585.66
000:21:00.00,441.464,1567.45,32.2453,29.1849,41.7179,0,26.5637,1,1,1,1,1,1,1,1,0,0,1,1,0,0,0,0,0,0,0,0,4548.46
000:21:03.00,441.464,1567.45,32.2445,29.3404,41.6234,0,26.5045,1,1,1,1,1,1,1,1,0,0,1,1,0,0,0,0,0,0,0,0,4511.35
000:21:06.00,441.464,1567.45,32.2436,29.4927,41.5301,0,26.447,1,1,1,1,1,1,1,1,0,0,1,1,0,0,0,0,0,0,0,0,4474.34
000:21:09.00,441.464,1567.44,32.2428,29.6426,41.4383,0,26.391,1,1,1,1,1,1,1,1,0,0,1,1,0,0,0,0,0,0,0,0,4437.43
000:21:12.00,441.464,1567.44,32.2419,29.7874,41.3483,0,26.3368,1,1,1,1,1,1,1,1,0,0,1,1,0,0,0,0,0,0,0,0,4400.62
000:21:15.00,441.464,1567.44,32.2411,29.9295,41.2599,0,26.2843,1,1,1,1,1,1,1,1,0,0,1,1,0,0,0,0,0,0,0,0,4363.9
000:21:18.00,441.463,1567.44,32.2403,30.0681,41.1732,0,26.2335,1,1,1,1,1,1,1,1,0,0,1,1,0,0,0,0,0,0,0,0,4327.28
000:21:21.00,441.463,1567.44,32.2394,30.2029,41.0882,0,26.1845,1,1,1,1,1,1,1,1,0,0,1,1,0,0,0,0,0,0,0,0,4290.75
000:21:24.00,441.463,1567.44,32.2386,30.3351,41.0048,0,26.1372,1,1,1,1,1,1,1,1,0,0,1,1,0,0,0,0,0,0,0,0,4254.32
000:21:27.00,441.463,1567.44,32.2378,30.4666,40.922,0,26.0912,1,1,1,1,1,1,1,1,0,0,1,1,0,0,0,0,0,0,0,0,4217.99
000:21:30.00,441.463,1567.44,32.2369,30.5972,40.8398,0,26.0461,1,1,1,1,1,1,1,1,0,0,1,1,0,0,0,0,0,0,0,0,4181.75
000:21:33.00,441.463,1567.44,32.2361,30.7225,40.7594,0,26.0023,1,1,1,1,1,1,1,1,0,0,1,1,0,0,0,0,0,0,0,0,4145.6
000:21:36.00,441.462,1567.44,32.2353,30.843,40.6813,0,25.9603,1,1,1,1,1,1,1,1,0,0,1,1,0,0,0,0,0,0,0,0,4109.55
000:21:39.00,441.462,1567.44,32.2345,30.9624,40.6045,0,25.92,1,1,1,1,1,1,1,1,0,0,1,1,0,0,0,0,0,0,0,0,4073.6
000:21:42.00,441.462,1567.44,32.2337,31.0805,40.5284,0,25.8808,1,1,1,1,1,1,1,1,0,0,1,1,0,0,0,0,0,0,0,0,4037.74
000:21:45.00,441.462,1567.44,32.2329,31.1962,40.4535,0,25.8427,1,1,1,1,1,1,1,1,0,0,1,1,0,0,0,0,0,0,0,0,4001.97
000:21:48.00,441.462,1567.44,32.232,31.3091,40.3799,0,25.8059,1,1,1,1,1,1,1,1,0,0,1,1,0,0,0,0,0,0,0,0,3966.3
000:21:51.00,441.462,1567.44,32.2312,31.4193,40.3078,0,25.7704,1,1,1,1,1,1,1,1,0,0,1,1,0,0,0,0,0,0,0,0,3930.72
000:21:54.00,441.461,1567.44,32.2304,31.5289,40.2364,0,25.736,1,1,1,1,1,1,1,1,0,0,1,1,0,0,0,0,0,0,0,0,3895.23
000:21:57.00,441.461,1567.44,32.2296,31.6388,40.1651,0,25.7022,1,1,1,1,1,1,1,1,0,0,1,1,0,0,0,0,0,0,0,0,3859.84
000:22:00.00,441.461,1567.43,32.2288,31.7438,40.0956,0,25.6695,1,1,1,1,1,1,1,1,0,0,1,1,0,0,0,0,0,0,0,0,3824.54
000:22:03.00,441.461,1567.43,32.228,31.8457,40.0277,0,25.6381,1,1,1,1,1,1,1,1,0,0,1,1,0,0,0,0,0,0,0,0,3789.33
000:22:06.00,441.461,1567.43,32.2272,31.9449,39.9613,0,25.6081,1,1,1,1,1,1,1,1,0,0,1,1,0,0,0,0,0,0,0,0,3754.22
000:22:09.00,441.461,1567.43,32.2264,32.0423,39.8961,0,25.5794,1,1,1,1,1,1,1,1,0,0,1,1,0,0,0,0,0,0,0,0,3719.2
000:22:12.00,441.46,1567.43,32.2256,32.14,39.8312,0,25.5515,1,1,1,1,1,1,1,1,0,0,1,1,0,0,0,0,0,0,0,0,3684.26
000:22:15.00,441.46,1567.43,32.2248,32.2364,39.767,0,25.5243,1,1,1,1,1,1,1,1,0,0,1,1,0,0,0,0,0,0,0,0,3649.42
000:22:18.00,441.46,1567.43,32.224,32.3307,39.7037,0,25.4978,1,1,1,1,1,1,1,1,0,0,1,1,0,0,0,0,0,0,0,0,3614.68
000:22:21.00,441.46,1567.43,32.2232,32.4231,39.6415,0,25.4723,1,1,1,1,1,1,1,1,0,0,1,1,0,0,0,0,0,0,0,0,3580.02
000:22:24.00,441.46,1567.43,32.2224,32.5133,39.5804,0,25.4477,1,1,1,1,1,1,1,1,0,0,1,1,0,0,0,0,0,0,0,0,3545.45
000:22:27.00,441.46,1567.43,32.2216,32.602,39.5203,0,25.424,1,1,1,1,1,1,1,1,0,0,1,1,0,0,0,0,0,0,0,0,3510.98
000:22:30.00,441.459,1567.43,32.2209,32.6898,39.4609,0,25.4006,1,1,1,1,1,1,1,1,0,0,1,1,0,0,0,0,0,0,0,0,3476.59
000:22:33.00,441.459,1567.43,32.2201,32.7755,39.4021,0,25.3765,1,1,1,1,1,1,1,1,0,0,1,1,0,0,0,0,0,0,0,0,3442.3
000:22:36.00,441.459,1567.43,32.2193,32.8592,39.3444,0,25.3524,1,1,1,1,1,1,1,1,0,0,1,1,0,0,0,0,0,0,0,0,3408.09
000:22:39.00,441.459,1567.43,32.2185,32.941,39.2877,0,25.3287,1,1,1,1,1,1,1,1,0,0,1,1,0,0,0,0,0,0,0,0,3373.98
000:22:42.00,441.459,1567.42,32.2177,33.0209,39.232,0,25.3056,1,1,1,1,1,1,1,1,0,0,1,1,0,0,0,0,0,0,0,0,3339.95
000:22:45.00,441.459,1567.42,32.2169,33.0992,39.1774,0,25.2833,1,1,1,1,1,1,1,1,0,0,1,1,0,0,0,0,0,0,0,0,3306.02
000:22:48.00,441.459,1567.42,32.2162,33.1759,39.1238,0,25.2616,1,1,1,1,1,1,1,1,0,0,1,1,0,0,0,0,0,0,0,0,3272.17
000:22:51.00,441.458,1567.42,32.2154,33.2529,39.0705,0,25.2403,1,1,1,1,1,1,1,1,0,0,1,1,0,0,0,0,0,0,0,0,3238.41
000:22:54.00,441.458,1567.42,32.2146,33.3294,39.0174,0,25.2193,1,1,1,1,1,1,1,1,0,0,1,1,0,0,0,0,0,0,0,0,3204.74
000:22:57.00,441.458,1567.42,32.2138,33.4045,38.9649,0,25.1988,1,1,1,1,1,1,1,1,0,0,1,1,0,0,0,0,0,0,0,0,3171.16
000:23:00.00,441.458,1567.42,32.2131,33.478,38.9134,0,25.1789,1,1,1,1,1,1,1,1,0,0,1,1,0,0,0,0,0,0,0,0,3137.66
000:23:03.00,441.458,1567.42,32.2123,33.55,38.8628,0,25.1597,1,1,1,1,1,1,1,1,0,0,1,1,0,0,0,0,0,0,0,0,3104.26
000:23:06.00,441.458,1567.42,32.2115,33.6204,38.813,0,25.1414,1,1,1,1,1,1,1,1,0,0,1,1,0,0,0,0,0,0,0,0,3070.94
000:23:09.00,441.458,1567.42,32.2108,33.6892,38.7641,0,25.1238,1,1,1,1,1,1,1,1,0,0,1,1,0,0,0,0,0,0,0,0,3037.71
000:23:12.00,441.457,1567.42,32.21,33.7553,38.7167,0,25.1074,1,1,1,1,1,1,1,1,0,0,1,1,0,0,0,0,0,0,0,0,3004.56
000:23:15.00,441.457,1567.42,32.2092,33.8211,38.6698,0,25.0918,1,1,1,1,1,1,1,1,0,0,1,1,0,0,0,0,0,0,0,0,2971.51
000:23:18.00,441.457,1567.42,32.2085,33.8868,38.6232,0,25.0767,1,1,1,1,1,1,1,1,0,0,1,1,0,0,0,0,0,0,0,0,2938.54
000:23:21.00,441.457,1567.41,32.2077,33.9515,38.5771,0,25.0621,1,1,1,1,1,1,1,1,0,0,1,1,0,0,0,0,0,0,0,0,2905.65
000:23:24.00,441.457,1567.41,32.207,34.0148,38.5318,0,25.0482,1,1,1,1,1,1,1,1,0,0,1,1,0,0,0,0,0,0,0,0,2872.86
000:23:27.00,441.457,1567.41,32.2062,34.0768,38.4873,0,25.0348,1,1,1,1,1,1,1,1,0,0,1,1,0,0,0,0,0,0,0,0,2840.14
000:23:30.00,441.457,1567.41,32.2054,34.1375,38.4435,0,25.0221,1,1,1,1,1,1,1,1,0,0,1,1,0,0,0,0,0,0,0,0,2807.52
000:23:33.00,441.457,1567.41,32.2047,34.1969,38.4004,0,25.0101,1,1,1,1,1,1,1,1,0,0,1,1,0,0,0,0,0,0,0,0,2774.98
000:23:36.00,441.456,1567.41,32.2039,34.2551,38.358,0,24.9987,1,1,1,1,1,1,1,1,0,0,1,1,0,0,0,0,0,0,0,0,2742.52
000:23:39.00,441.456,1567.41,32.2032,34.3121,38.3164,0,24.9879,1,1,1,1,1,1,1,1,0,0,1,1,0,0,0,0,0,0,0,0,2710.15
000:23:42.00,441.456,1567.41,32.2024,34.3679,38.2754,0,24.9778,1,1,1,1,1,1,1,1,0,0,1,1,0,0,0,0,0,0,0,0,2677.87
000:23:45.00,441.456,1567.41,32.2017,34.4242,38.2348,0,24.9681,1,1,1,1,1,1,1,1,0,0,1,1,0,0,0,0,0,0,0,0,2645.67
000:23:48.00,441.456,1567.41,32.2009,34.4801,38.1943,0,24.9586,1,1,1,1,1,1,1,1,0,0,1,1,0,0,0,0,0,0,0,0,2613.55
000:23:51.00,441.456,1567.41,32.2002,34.535,38.1543,0,24.9495,1,1,1,1,1,1,1,1,0,0,1,1,0,0,0,0,0,0,0,0,2581.52
000:23:54.00,441.456,1567.41,32.1994,34.5887,38.1151,0,24.9408,1,1,1,1,1,1,1,1,0,0,1,1,0,0,0,0,0,0,0,0,2549.57
000:23:57.00,441.455,1567.41,32.1987,34.6413,38.0765,0,24.9325,1,1,1,1,1,1,1,1,0,0,1,1,0,0,0,0,0,0,0,0,2517.71
000:24:00.00,441.455,1567.41,32.198,34.6928,38.0386,0,24.9248,1,1,1,1,1,1,1,1,0,0,1,1,0,0,0,0,0,0,0,0,2485.93
000:24:03.00,441.455,1567.4,32.1972,34.7434,38.0013,0,24.9177,1,1,1,1,1,1,1,1,0,0,1,1,0,0,0,0,0,0,0,0,2454.23
000:24:06.00,441.455,1567.4,32.1965,34.7919,37.9649,0,24.9111,1,1,1,1,1,1,1,1,0,0,1,1,0,0,0,0,0,0,0,0,2422.62
000:24:09.00,441.455,1567.4,32.1958,34.8391,37.9294,0,24.9054,1,1,1,1,1,1,1,1,0,0,1,1,0,0,0,0,0,0,0,0,2391.09
000:24:12.00,441.455,1567.4,32.195,34.8853,37.8945,0,24.9002,1,1,1,1,1,1,1,1,0,0,1,1,0,0,0,0,0,0,0,0,2359.64
000:24:15.00,441.455,1567.4,32.1943,34.9305,37.8603,0,24.8957,1,1,1,1,1,1,1,1,0,0,1,1,0,0,0,0,0,0,0,0,2328.28
000:24:18.00,441.455,1567.4,32.1936,34.9748,37.8266,0,24.8916,1,1,1,1,1,1,1,1,0,0,1,1,0,0,0,0,0,0,0,0,2296.99
000:24:21.00,441.454,1567.4,32.1928,35.0193,37.7933,0,24.888,1,1,1,1,1,1,1,1,0,0,1,1,0,0,0,0,0,0,0,0,2265.79
000:24:24.00,441.454,1567.4,32.1921,35.0636,37.76,0,24.8844,1,1,1,1,1,1,1,1,0,0,1,1,0,0,0,0,0,0,0,0,2234.67
000:24:27.00,441.454,1567.4,32.1914,35.107,37.7272,0,24.8811,1,1,1,1,1,1,1,1,0,0,1,1,0,0,0,0,0,0,0,0,2203.63
000:24:30.00,441.454,1567.4,32.1906,35.1494,37.6949,0,24.878,1,1,1,1,1,1,1,1,0,0,1,1,0,0,0,0,0,0,0,0,2172.68
000:24:33.00,441.454,1567.4,32.1899,35.1909,37.6631,0,24.8753,1,1,1,1,1,1,1,1,0,0,1,1,0,0,0,0,0,0,0,0,2141.8
000:24:36.00,441.454,1567.4,32.1892,35.2315,37.632,0,24.873,1,1,1,1,1,1,1,1,0,0,1,1,0,0,0,0,0,0,0,0,2111.01
000:24:39.00,441.454,1567.4,32.1885,35.2712,37.6013,0,24.871,1,1,1,1,1,1,1,1,0,0,1,1,0,0,0,0,0,0,0,0,2080.3
000:24:42.00,441.454,1567.39,32.1877,35.3101,37.5712,0,24.8695,1,1,1,1,1,1,1,1,0,0,1,1,0,0,0,0,0,0,0,0,2049.66
000:24:45.00,441.453,1567.39,32.187,35.3481,37.5417,0,24.8683,1,1,1,1,1,1,1,1,0,0,1,1,0,0,0,0,0,0,0,0,2019.11
000:24:48.00,441.453,1567.39,32.1863,35.3852,37.5127,0,24.8676,1,1,1,1,1,1,1,1,0,0,1,1,0,0,0,0,0,0,0,0,1988.64
000:24:51.00,441.453,1567.39,32.1856,35.4216,37.4842,0,24.8672,1,1,1,1,1,1,1,1,0,0,1,1,0,0,0,0,0,0,0,0,1958.25
000:24:54.00,441.453,1567.39,32.1849,35.457,37.4562,0,24.8672,1,1,1,1,1,1,1,1,0,0,1,1,0,0,0,0,0,0,0,0,1927.93
000:24:57.00,441.453,1567.39,32.1841,35.4917,37.4287,0,24.8676,1,1,1,1,1,1,1,1,0,0,1,1,0,0,0,0,0,0,0,0,1897.7
000:25:00.00,441.453,1567.39,32.1834,35.5256,37.4017,0,24.8683,1,1,1,1,1,1,1,1,0,0,1,1,0,0,0,0,0,0,0,0,1867.55
000:25:03.00,441.453,1567.39,32.1827,35.5587,37.3752,0,24.8694,1,1,1,1,1,1,1,1,0,0,1,1,0,0,0,0,0,0,0,0,1837.47
000:25:06.00,441.453,1567.39,32.182,35.591,37.3492,0,24.8707,1,1,1,1,1,1,1,1,0,0,1,1,0,0,0,0,0,0,0,0,1807.47
000:25:09.00,441.452,1567.39,32.1813,35.6234,37.3235,0,24.8723,1,1,1,1,1,1,1,1,0,0,1,1,0,0,0,0,0,0,0,0,1777.56
000:25:12.00,441.452,1567.39,32.1806,35.6556,37.2978,0,24.874,1,1,1,1,1,1,1,1,0,0,1,1,0,0,0,0,0,0,0,0,1747.72
000:25:15.00,441.452,1567.39,32.1799,35.6871,37.2726,0,24.8758,1,1,1,1,1,1,1,1,0,0,1,1,0,0,0,0,0,0,0,0,1717.96
000:25:18.00,441.452,1567.39,32.1792,35.7178,37.2478,0,24.8778,1,1,1,1,1,1,1,1,0,0,1,1,0,0,0,0,0,0,0,0,1688.27
000:25:21.00,441.452,1567.38,32.1785,35.7478,37.2235,0,24.8801,1,1,1,1,1,1,1,1,0,0,1,1,0,0,0,0,0,0,0,0,1658.67
000:25:24.00,441.452,1567.38,32.1778,35.777,37.1996,0,24.8826,1,1,1,1,1,1,1,1,0,0,1,1,0,0,0,0,0,0,0,0,1629.14
000:25:27.00,441.452,1567.38,32.177,35.8054,37.1762,0,24.8854,1,1,1,1,1,1,1,1,0,0,1,1,0,0,0,0,0,0,0,0,1599.69
000:25:30.00,441.452,1567.38,32.1763,35.8332,37.1533,0,24.8885,1,1,1,1,1,1,1,1,0,0,1,1,0,0,0,0,0,0,0,0,1570.32
000:25:33.00,441.451,1567.38,32.1756,35.8602,37.1308,0,24.8919,1,1,1,1,1,1,1,1,0,0,1,1,0,0,0,0,0,0,0,0,1541.02
000:25:36.00,441.451,1567.38,32.1749,35.8865,37.1087,0,24.8955,1,1,1,1,1,1,1,1,0,0,1,1,0,0,0,0,0,0,0,0,1511.81
000:25:39.00,441.451,1567.38,32.1742,35.9119,37.0871,0,24.8994,1,1,1,1,1,1,1,1,0,0,1,1,0,0,0,0,0,0,0,0,1482.66
000:25:42.00,441.451,1567.38,32.1735,35.9361,37.0661,0,24.9036,1,1,1,1,1,1,1,1,0,0,1,1,0,0,0,0,0,0,0,0,1453.6
000:25:45.00,441.451,1567.38,32.1728,35.9597,37.0454,0,24.9082,1,1,1,1,1,1,1,1,0,0,1,1,0,0,0,0,0,0,0,0,1424.61
000:25:48.00,441.451,1567.38,32.1721,35.9826,37.0252,0,24.913,1,1,1,1,1,1,1,1,0,0,1,1,0,0,0,0,0,0,0,0,1395.7
000:25:51.00,441.451,1567.38,32.1715,36.0048,37.0054,0,24.9181,1,1,1,1,1,1,1,1,0,0,1,1,0,0,0,0,0,0,0,0,1366.86
000:25:54.00,441.451,1567.38,32.1708,36.0264,36.986,0,24.9234,1,1,1,1,1,1,1,1,0,0,1,1,0,0,0,0,0,0,0,0,1338.1
000:25:57.00,441.451,1567.38,32.1701,36.0474,36.967,0,24.9289,1,1,1,1,1,1,1,1,0,0,1,1,0,0,0,0,0,0,0,0,1309.41
000:26:00.00,441.45,1567.38,32.1694,36.0677,36.9484,0,24.9346,1,1,1,1,1,1,1,1,0,0,1,1,0,0,0,0,0,0,0,0,1280.8
000:26:03.00,441.45,1567.37,32.1687,36.0874,36.9302,0,24.9406,1,1,1,1,1,1,1,1,0,0,1,1,0,0,0,0,0,0,0,0,1252.26
000:26:06.00,441.45,1567.37,32.168,36.1065,36.9123,0,24.9467,1,1,1,1,1,1,1,1,0,0,1,1,0,0,0,0,0,0,0,0,1223.8
000:26:09.00,441.45,1567.37,32.1673,36.125,36.8948,0,24.9531,1,1,1,1,1,1,1,1,0,0,1,1,0,0,0,0,0,0,0,0,1195.42
000:26:12.00,441.45,1567.37,32.1666,36.1429,36.8777,0,24.9596,1,1,1,1,1,1,1,1,0,0,1,1,0,0,0,0,0,0,0,0,1167.1
000:26:15.00,441.45,1567.37,32.1659,36.1602,36.861,0,24.9663,1,1,1,1,1,1,1,1,0,0,1,1,0,0,0,0,0,0,0,0,1138.86
000:26:18.00,441.45,1567.37,32.1652,36.1769,36.8446,0,24.9732,1,1,1,1,1,1,1,1,0,0,1,1,0,0,0,0,0,0,0,0,1110.7
000:26:21.00,441.45,1567.37,32.1646,36.193,36.8286,0,24.9803,1,1,1,1,1,1,1,1,0,0,1,1,0,0,0,0,0,0,0,0,1082.61
000:26:24.00,441.449,1567.37,32.1639,36.2092,36.8128,0,24.9875,1,1,1,1,1,1,1,1,0,0,1,1,0,0,0,0,0,0,0,0,1054.59
000:26:27.00,441.449,1567.37,32.1632,36.225,36.7972,0,24.9947,1,1,1,1,1,1,1,1,0,0,1,1,0,0,0,0,0,0,0,0,1026.65
000:26:30.00,441.449,1567.37,32.1625,36.2402,36.7819,0,25.002,1,1,1,1,1,1,1,1,0,0,1,1,0,0,0,0,0,0,0,0,998.782
000:26:33.00,441.449,1567.37,32.1618,36.2548,36.7669,0,25.0093,1,1,1,1,1,1,1,1,0,0,1,1,0,0,0,0,0,0,0,0,970.986
000:26:36.00,441.449,1567.37,32.1611,36.2688,36.7523,0,25.0169,1,1,1,1,1,1,1,1,0,0,1,1,0,0,0,0,0,0,0,0,943.262
000:26:39.00,441.449,1567.37,32.1605,36.2823,36.7381,0,25.0245,1,1,1,1,1,1,1,1,0,0,1,1,0,0,0,0,0,0,0,0,915.611
000:26:42.00,441.449,1567.37,32.1598,36.2952,36.7241,0,25.0324,1,1,1,1,1,1,1,1,0,0,1,1,0,0,0,0,0,0,0,0,888.033
000:26:45.00,441.449,1567.36,32.1591,36.3075,36.7106,0,25.0403,1,1,1,1,1,1,1,1,0,0,1,1,0,0,0,0,0,0,0,0,860.527
000:26:48.00,441.449,1567.36,32.1584,36.3193,36.6973,0,25.0484,1,1,1,1,1,1,1,1,0,0,1,1,0,0,0,0,0,0,0,0,833.093
000:26:51.00,441.448,1567.36,32.1578,36.3305,36.6845,0,25.0567,1,1,1,1,1,1,1,1,0,0,1,1,0,0,0,0,0,0,0,0,805.731
000:26:54.00,441.448,1567.36,32.1571,36.3412,36.6719,0,25.0651,1,1,1,1,1,1,1,1,0,0,1,1,0,0,0,0,0,0,0,0,778.441
000:26:57.00,441.448,1567.36,32.1564,36.3513,36.6597,0,25.0737,1,1,1,1,1,1,1,1,0,0,1,1,0,0,0,0,0,0,0,0,751.222
000:27:00.00,441.448,1567.36,32.1557,36.3609,36.6478,0,25.0823,1,1,1,1,1,1,1,1,0,0,1,1,0,0,0,0,0,0,0,0,724.075
000:27:03.00,441.448,1567.36,32.1551,36.37,36.6362,0,25.0912,1,1,1,1,1,1,1,1,0,0,1,1,0,0,0,0,0,0,0,0,696.999
000:27:06.00,441.448,1567.36,32.1544,36.3786,36.6249,0,25.1001,1,1,1,1,1,1,1,1,0,0,1,1,0,0,0,0,0,0,0,0,669.994
000:27:09.00,441.448,1567.36,32.1537,36.3866,36.6139,0,25.1092,1,1,1,1,1,1,1,1,0,0,1,1,0,0,0,0,0,0,0,0,643.059
000:27:12.00,441.448,1567.36,32.153,36.3942,36.6033,0,25.1183,1,1,1,1,1,1,1,1,0,0,1,1,0,0,0,0,0,0,0,0,616.196
000:27:15.00,441.447,1567.36,32.1524,36.4011,36.5928,0,25.1276,1,1,1,1,1,1,1,1,0,0,1,1,0,0,0,0,0,0,0,0,589.403
000:27:18.00,441.447,1567.36,32.1517,36.4075,36.5827,0,25.1369,1,1,1,1,1,1,1,1,0,0,1,1,0,0,0,0,0,0,0,0,562.68
000:27:21.00,441.447,1567.36,32.151,36.4134,36.5728,0,25.1463,1,1,1,1,1,1,1,1,0,0,1,1,0,0,0,0,0,0,0,0,536.027
000:27:24.00,441.447,1567.36,32.1504,36.4189,36.5633,0,25.1558,1,1,1,1,1,1,1,1,0,0,1,1,0,0,0,0,0,0,0,0,509.444
000:27:27.00,441.447,1567.35,32.1497,36.4238,36.554,0,25.1655,1,1,1,1,1,1,1,1,0,0,1,1,0,0,0,0,0,0,0,0,482.931
000:27:30.00,441.447,1567.35,32.149,36.4283,36.5451,0,25.1752,1,1,1,1,1,1,1,1,0,0,1,1,0,0,0,0,0,0,0,0,456.487
000:27:33.00,441.447,1567.35,32.1484,36.4322,36.5364,0,25.185,1,1,1,1,1,1,1,1,0,0,1,1,0,0,0,0,0,0,0,0,430.113
000:27:36.00,441.447,1567.35,32.1477,36.4357,36.5281,0,25.1949,1,1,1,1,1,1,1,1,0,0,1,1,0,0,0,0,0,0,0,0,403.808
000:27:39.00,441.447,1567.35,32.1471,36.4388,36.52,0,25.2049,1,1,1,1,1,1,1,1,0,0,1,1,0,0,0,0,0,0,0,0,377.572
000:27:42.00,441.446,1567.35,32.1464,36.4413,36.5122,0,25.215,1,1,1,1,1,1,1,1,0,0,1,1,0,0,0,0,0,0,0,0,351.404
000:27:45.00,441.446,1567.35,32.1457,36.4434,36.5047,0,25.2252,1,1,1,1,1,1,1,1,0,0,1,1,0,0,0,0,0,0,0,0,325.306
000:27:48.00,441.446,1567.35,32.1451,36.4451,36.4974,0,25.2354,1,1,1,1,1,1,1,1,0,0,1,1,0,0,0,0,0,0,0,0,299.275
000:27:51.00,441.446,1567.35,32.1444,36.4462,36.4905,0,25.2457,1,1,1,1,1,1,1,1,0,0,1,1,0,0,0,0,0,0,0,0,273.313
000:27:54.00,441.446,1567.35,32.1438,36.4469,36.4837,0,25.2559,1,1,1,1,1,1,1,1,0,0,1,1,0,0,0,0,0,0,0,0,247.42
000:27:57.00,441.446,1567.35,32.1431,36.4471,36.4772,0,25.2661,1,1,1,1,1,1,1,1,0,0,1,1,0,0,0,0,0,0,0,0,221.594
000:28:00.00,441.446,1567.35,32.1424,36.4469,36.471,0,25.2764,1,1,1,1,1,1,1,1,0,0,1,1,0,0,0,0,0,0,0,0,195.835
000:28:03.00,441.446,1567.35,32.1418,36.4462,36.465,0,25.2867,1,1,1,1,1,1,1,1,0,0,1,1,0,0,0,0,0,0,0,0,170.145
000:28:06.00,441.446,1567.35,32.1411,36.4451,36.4594,0,25.297,1,1,1,1,1,1,1,1,0,0,1,1,0,0,0,0,0,0,0,0,144.521
000:28:09.00,441.445,1567.34,32.1405,36.4435,36.4539,0,25.3074,1,1,1,1,1,1,1,1,0,0,1,1,0,0,0,0,0,0,0,0,118.965
000:28:12.00,441.445,1567.34,32.1398,36.4415,36.4488,0,25.3179,1,1,1,1,1,1,1,1,0,0,1,1,0,0,0,0,0,0,0,0,93.476
000:28:15.00,441.445,1567.34,32.1392,36.4391,36.4439,0,25.3285,1,1,1,1,1,1,1,1,0,0,1,1,0,0,0,0,0,0,0,0,68.0538
000:28:18.00,441.445,1567.34,32.1385,36.4362,36.4392,0,25.3391,1,1,1,1,1,1,1,1,0,0,1,1,0,0,0,0,0,0,0,0,42.6982
000:28:21.00,441.445,1567.34,32.1379,36.433,36.4348,0,25.3497,1,1,1,1,1,1,1,1,0,0,1,1,0,0,0,0,0,0,0,0,17.4091
000:28:24.00,441.445,1567.34,32.1372,36.4293,36.4306,0,25.3605,1,1,1,1,1,1,1,1,0,0,1,1,0,0,0,0,0,0,0,0,0
000:28:27.00,441.445,1567.34,32.1366,36.4254,36.4267,0,25.3712,1,1,1,1,1,1,1,1,0,0,1,1,0,0,0,0,0,0,0,0,0
000:28:30.00,441.445,1567.34,32.1359,36.4215,36.4228,0,25.3819,1,1,1,1,1,1,1,1,0,0,1,1,0,0,0,0,0,0,0,0,0
000:28:33.00,441.444,1567.34,32.1353,36.4177,36.4189,0,25.3925,1,1,1,1,1,1,1,1,0,0,1,1,0,0,0,0,0,0,0,0,0
000:28:36.00,441.444,1567.34,32.1346,36.4139,36.4151,0,25.403,1,1,1,1,1,1,1,1,0,0,1,1,0,0,0,0,0,0,0,0,0
000:28:39.00,441.444,1567.34,32.134,36.4101,36.4113,0,25.4133,1,1,1,1,1,1,1,1,0,0,1,1,0,0,0,0,0,0,0,0,0
000:28:42.00,441.444,1567.34,32.1333,36.4063,36.4076,0,25.4235,1,1,1,1,1,1,1,1,0,0,1,1,0,0,0,0,0,0,0,0,0
000:28:45.00,441.444,1567.34,32.1327,36.4026,36.4039,0,25.4334,1,1,1,1,1,1,1,1,0,0,1,1,0,0,0,0,0,0,0,0,0
000:28:48.00,441.444,1567.34,32.1321,36.399,36.4002,0,25.4432,1,1,1,1,1,1,1,1,0,0,1,1,0,0,0,0,0,0,0,0,0
000:28:51.00,441.444,1567.34,32.1314,36.3953,36.3965,0,25.4528,1,1,1,1,1,1,1,1,0,0,1,1,0,0,0,0,0,0,0,0,0
000:28:54.00,441.444,1567.33,32.1308,36.3917,36.3929,0,25.4622,1,1,1,1,1,1,1,1,0,0,1,1,0,0,0,0,0,0,0,0,0
000:28:57.00,441.444,1567.33,32.1301,36.3881,36.3893,0,25.4715,1,1,1,1,1,1,1,1,0,0,1,1,0,0,0,0,0,0,0,0,0
000:29:00.00,441.443,1567.33,32.1295,36.3846,36.3858,0,25.4806,1,1,1,1,1,1,1,1,0,0,1,1,0,0,0,0,0,0,0,0,0
000:29:03.00,441.443,1567.33,32.1288,36.381,36.3822,0,25.4895,1,1,1,1,1,1,1,1,0,0,1,1,0,0,0,0,0,0,0,0,0
000:29:06.00,441.443,1567.33,32.1282,36.3775,36.3787,0,25.4982,1,1,1,1,1,1,1,1,0,0,1,1,0,0,0,0,0,0,0,0,0
000:29:09.00,441.443,1567.33,32.1276,36.3741,36.3752,0,25.5067,1,1,1,1,1,1,1,1,0,0,1,1,0,0,0,0,0,0,0,0,0
000:29:12.00,441.443,1567.33,32.1269,36.3706,36.3717,0,25.5151,1,1,1,1,1,1,1,1,0,0,1,1,0,0,0,0,0,0,0,0,0
000:29:15.00,441.443,1567.33,32.1263,36.3672,36.3683,0,25.5232,1,1,1,1,1,1,1,1,0,0,1,1,0,0,0,0,0,0,0,0,0
000:29:18.00,441.443,1567.33,32.1256,36.3637,36.3649,0,25.5313,1,1,1,1,1,1,1,1,0,0,1,1,0,0,0,0,0,0,0,0,0
000:29:21.00,441.443,1567.33,32.125,36.3604,36.3615,0,25.5391,1,1,1,1,1,1,1,1,0,0,1,1,0,0,0,0,0,0,0,0,0
000:29:24.00,441.443,1567.33,32.1244,36.357,36.3581,0,25.5468,1,1,1,1,1,1,1,1,0,0,1,1,0,0,0,0,0,0,0,0,0
000:29:27.00,441.442,1567.33,32.1237,36.3537,36.3548,0,25.5543,1,1,1,1,1,1,1,1,0,0,1,1,0,0,0,0,0,0,0,0,0
000:29:30.00,441.442,1567.33,32.1231,36.3503,36.3514,0,25.5616,1,1,1,1,1,1,1,1,0,0,1,1,0,0,0,0,0,0,0,0,0
000:29:33.00,441.442,1567.33,32.1225,36.347,36.3481,0,25.5687,1,1,1,1,1,1,1,1,0,0,1,1,0,0,0,0,0,0,0,0,0
000:29:36.00,441.442,1567.33,32.1218,36.3438,36.3449,0,25.5757,1,1,1,1,1,1,1,1,0,0,1,1,0,0,0,0,0,0,0,0,0
